scientific_name,common_name,species_code,eBird_codes,Habitat.type,Habitat.Specialization.SoIB2022,VKL.Habitat.Classification,Wet.Paddy.fields,Open.Areas,Groves.Gardens.and.Plantations,Habitation,Dry.Grassland,Hill.Grassland,Wet.Grassland,High.Altitude.Grassland,Reeds,Dry.Deciduous,Hill.Shrubland,Thorny.Scrub,Rocky.Scrub,Tropical.Rainforest,Bamboo.Forest,Shola.Forest,Moist.Deciduous,Subtropical.Montane.Forest,Mixed.Forest,Oak.Forest,Coniferous.Forest,Forest.Swamp,Short.Grass.Marshes,High.Shrubbery,High.Alpine,Inland.Water,Inland.Mudflats,Coastal.Mudflats,Beaches,Pelagic.Waters,Hot.Desert,Semi.Desert,Cold.Desert,Mangrove.Swamps,Salt.Pans,Lagoons,Rivers,High.Altitude.Lakes,Brackish.Backwaters,Beak.Length_Culmen,Beak.Length_Nares,Beak.Width,Beak.Depth,Tarsus.Length,Wing.Length,Kipps.Distance,Secondary1,Hand.Wing.Index,Tail.Length,Mass,Trophic.Level,Trophic.Niche,Primary.Lifestyle
Muscicapa dauurica,Asian Brown Flycatcher,ABF,ABF,Forest,Wooded Habitat,Forest,NA,NA,1,NA,NA,NA,NA,NA,NA,NA,NA,NA,NA,NA,NA,NA,1,NA,1,NA,NA,NA,NA,NA,NA,NA,NA,NA,NA,NA,NA,NA,NA,NA,NA,NA,NA,NA,NA,12.8,7.8,4.7,3.5,14.4,70.5,20.5,50,29.1,49.5,9.8,Carnivore,Invertivore,Insessorial
Chalcophaps indica,Asian Emerald Dove,AED,AEDO,Forest,Forest,Forest,NA,NA,NA,NA,NA,NA,NA,NA,NA,1,NA,NA,NA,1,NA,NA,1,NA,NA,NA,NA,NA,NA,NA,NA,NA,NA,NA,NA,NA,NA,NA,NA,NA,NA,NA,NA,NA,NA,20.9,11.3,3.1,4.2,25.8,143.9,40,100.1,28.7,83.9,136.5,Herbivore,Omnivore,Generalist
Irena puella,Asian Fairy-bluebird,AFB,AFBL,Forest,Tropical Forest,Forest,NA,NA,NA,NA,NA,NA,NA,NA,NA,NA,NA,NA,NA,1,NA,NA,1,NA,NA,NA,NA,NA,NA,NA,NA,NA,NA,NA,NA,NA,NA,NA,NA,NA,NA,NA,NA,NA,NA,26.3,17.5,7.9,9.1,17.8,125.4,31.5,92.9,25.3,91.8,64.9,Herbivore,Frugivore,Insessorial
Apus melba,Alpine Swift,APS,ALSW,Forest,Forest,Forest,NA,NA,NA,NA,NA,NA,NA,NA,NA,1,NA,NA,NA,NA,NA,NA,1,NA,1,NA,NA,NA,NA,NA,NA,NA,NA,NA,NA,NA,NA,NA,NA,NA,NA,NA,NA,NA,NA,12.7,5.8,4.5,3.2,15.4,219.3,159,60.4,72.5,86.2,100.4,Carnivore,Invertivore,Aerial
Dicrurus leucophaeus,Ashy Drongo,AD,ASDR,Forest,Wooded Habitat,Forest,NA,NA,1,NA,NA,NA,NA,NA,NA,1,NA,NA,NA,1,NA,1,1,NA,1,NA,1,NA,NA,NA,NA,NA,NA,NA,NA,NA,NA,NA,NA,NA,NA,NA,NA,NA,NA,25.4,16.7,9.3,8.4,18.6,134.8,42.4,91.8,31.5,134.7,37.6,Carnivore,Invertivore,Insessorial
Eudynamys scolopaceus,Asian Koel,AK,ASKO,Generalist,None,Generalist,NA,NA,1,1,NA,NA,NA,NA,NA,1,NA,NA,NA,NA,NA,NA,NA,NA,NA,NA,NA,NA,NA,NA,NA,NA,NA,NA,NA,NA,NA,NA,NA,NA,NA,NA,NA,NA,NA,32.1,20.4,10.3,10.6,31,196.4,62.4,136.4,31.4,179.7,194.9,Herbivore,Frugivore,Insessorial
Prinia socialis,Ashy Prinia,AP,ASPR,Generalist,None,Generalist,NA,1,NA,1,1,NA,1,NA,1,1,NA,1,NA,NA,NA,NA,NA,NA,NA,NA,NA,NA,NA,NA,NA,NA,NA,NA,NA,NA,NA,NA,NA,1,NA,NA,NA,NA,NA,13.1,7.4,2.2,2.4,19.6,49.6,5.1,44.2,10.3,63,8,Carnivore,Invertivore,Insessorial
Artamus fuscus,Ashy Woodswallow,NA,ASWO,Generalist,None,Generalist,NA,1,1,NA,NA,NA,NA,NA,NA,NA,NA,NA,NA,NA,NA,NA,NA,NA,NA,NA,NA,NA,NA,NA,NA,NA,NA,NA,NA,NA,NA,NA,NA,NA,NA,NA,NA,NA,NA,20.9,13.4,7.4,7.9,17.4,131.9,63.9,68.2,48.4,54.9,39.8,Carnivore,Invertivore,Aerial
Ficedula nigrorufa,Black-and-orange Flycatcher,BAOF,BAOF,Forest,Wooded Habitat,Forest,NA,NA,1,NA,NA,NA,NA,NA,NA,NA,NA,NA,NA,NA,NA,1,NA,NA,NA,NA,NA,NA,NA,NA,NA,NA,NA,NA,NA,NA,NA,NA,NA,NA,NA,NA,NA,NA,NA,11.6,6.7,3.8,3.1,18,59.1,9.1,50,15.4,48,9.4,Carnivore,Invertivore,Generalist
Hirundo rustica,Barn Swallow,NA,BASW,Generalist,None,Generalist,NA,1,NA,1,NA,NA,NA,NA,NA,NA,NA,NA,NA,NA,NA,NA,NA,NA,NA,NA,NA,NA,NA,NA,NA,1,NA,NA,NA,NA,NA,NA,NA,NA,NA,NA,1,NA,NA,12.4,6,4.5,2.7,11.7,115.8,62.3,56,52.6,70.4,17.9,Carnivore,Invertivore,Aerial
Nyctyornis athertoni,Blue-bearded Bee-eater,BBBE,BBBE,Forest,Forest,Forest,NA,NA,NA,NA,NA,NA,NA,NA,NA,1,NA,NA,NA,1,NA,NA,1,NA,NA,NA,NA,NA,NA,NA,NA,NA,NA,NA,NA,NA,NA,NA,NA,NA,NA,NA,NA,NA,NA,48.3,35.4,9,10.7,18.4,135,34,101,25.2,132.7,84.2,Carnivore,Invertivore,Insessorial
Cacomantis sonneratii,Banded Bay Cuckoo,NA,BBCU,Forest,Wooded Habitat,Forest,NA,NA,1,NA,NA,NA,NA,NA,NA,NA,NA,NA,NA,1,NA,NA,1,NA,NA,NA,NA,NA,NA,NA,NA,NA,NA,NA,NA,NA,NA,NA,NA,NA,NA,NA,NA,NA,NA,23.7,15.2,6.4,5.4,15.3,107.4,34.5,69.3,33.3,95.8,33.8,Carnivore,Invertivore,Insessorial
Hirundapus giganteus,Brown-backed Needletail,NA,BBNE,Forest,Tropical Forest,Forest,NA,NA,NA,NA,NA,NA,NA,NA,NA,NA,NA,NA,NA,1,NA,NA,1,NA,NA,NA,NA,NA,NA,NA,NA,NA,NA,NA,NA,NA,NA,NA,NA,NA,NA,NA,NA,NA,NA,10.1,7,5.6,4.1,17.8,203.1,130.4,73.1,64.1,61.7,127,Carnivore,Invertivore,Aerial
Alcippe poioicephala,Brown-cheeked Fulvetta,BCF,BCFU,Forest,Tropical Forest,Forest,NA,NA,NA,NA,NA,NA,NA,NA,NA,NA,NA,NA,NA,1,1,NA,1,NA,NA,NA,NA,NA,NA,NA,NA,NA,NA,NA,NA,NA,NA,NA,NA,NA,NA,NA,NA,NA,NA,14.7,8.2,3.6,4.2,21.2,69.5,7.5,61.6,10.9,65.5,20.7,Carnivore,Invertivore,Insessorial
Yungipicus nanus,Brown-capped Pygmy Woodpecker,NA,BCPW,Forest,Wooded Habitat,Forest,NA,NA,1,NA,NA,NA,NA,NA,NA,1,NA,NA,NA,NA,NA,NA,NA,NA,NA,NA,NA,NA,NA,NA,NA,NA,NA,NA,NA,NA,NA,NA,NA,NA,NA,NA,NA,NA,NA,13.8,10.5,4.1,4.4,13.5,76.4,21.1,55.9,27.4,36,16.2,Carnivore,Invertivore,Insessorial
Monticola cinclorhyncha,Blue-capped Rock-Thrush,NA,BCRT,Grassland,None,Grassland,NA,NA,1,NA,NA,NA,NA,NA,NA,NA,1,NA,NA,1,NA,NA,1,NA,NA,1,1,NA,NA,NA,NA,NA,NA,NA,NA,NA,NA,NA,NA,NA,NA,NA,NA,NA,NA,22.5,12.8,4.6,5.3,23.3,99.5,27,72.2,27.1,67.2,36,Carnivore,Invertivore,Insessorial
Accipiter virgatus,Besra,NA,BESR,Forest,Forest,Forest,NA,NA,NA,NA,NA,NA,NA,NA,NA,NA,NA,NA,NA,1,NA,NA,1,1,1,NA,NA,NA,NA,NA,NA,NA,NA,NA,NA,NA,NA,NA,NA,NA,NA,NA,NA,NA,NA,21.2,11.7,7.6,10.2,49.8,167.7,46.7,123.1,27.4,123.9,117,Carnivore,Vertivore,Generalist
Phaenicophaeus viridirostris,Blue-faced Malkoha,BFM,BFMA,Forest,None,Forest,NA,NA,NA,NA,NA,NA,NA,NA,NA,1,NA,1,NA,NA,NA,NA,NA,NA,NA,NA,NA,NA,NA,NA,NA,NA,NA,NA,NA,NA,NA,NA,NA,NA,NA,NA,NA,NA,NA,31.5,22.2,11.1,11.8,34.4,136,21,115,15.4,225.6,67,Carnivore,Invertivore,Insessorial
Ketupa zeylonensis,Brown Fish-Owl,BFO,BFOW,Forest,None,Forest,NA,NA,1,NA,NA,NA,NA,NA,NA,1,NA,NA,NA,1,NA,NA,1,NA,NA,NA,NA,NA,NA,NA,NA,1,NA,NA,NA,NA,NA,NA,NA,NA,NA,NA,1,NA,NA,49.7,30.5,16.9,23.8,71.2,381.1,108.2,273.4,28.3,187.5,1105,Carnivore,Aquatic predator,Insessorial
Lalage melanoptera,Black-headed Cuckooshrike,NA,BHCU,Forest,Wooded Habitat,Forest,NA,NA,1,NA,NA,NA,NA,NA,NA,1,NA,NA,NA,NA,NA,NA,1,NA,NA,NA,NA,NA,NA,NA,NA,NA,NA,NA,NA,NA,NA,NA,NA,NA,NA,NA,NA,NA,NA,19.3,10.8,5.7,5.1,20.8,100.2,27.1,73.1,27,72.5,29.4,Carnivore,Invertivore,Insessorial
Oriolus xanthornus,Black-hooded Oriole,NA,BHOR,Forest,Wooded Habitat,Forest,NA,NA,1,NA,NA,NA,NA,NA,NA,1,NA,NA,NA,1,NA,NA,1,NA,NA,NA,NA,NA,NA,NA,NA,NA,NA,NA,NA,NA,NA,NA,NA,NA,NA,NA,NA,NA,NA,29.6,19.8,8,7.8,24.3,133.6,36.4,96.6,27.4,82.6,56.3,Herbivore,Frugivore,Insessorial
Aviceda leuphotes,Black Baza,NA,BLBA,Forest,Tropical Forest,Forest,NA,NA,NA,NA,NA,NA,NA,NA,NA,NA,NA,NA,NA,1,NA,NA,1,NA,NA,NA,NA,NA,NA,NA,NA,NA,NA,NA,NA,NA,NA,NA,NA,NA,NA,NA,NA,NA,NA,24.6,16.4,10.2,12.5,25,230.6,82,150.2,35.3,124,194,Carnivore,Invertivore,Insessorial
Dicrurus macrocercus,Black Drongo,BLD,BLDR,Grassland,Grassland and Scrub,Generalist,NA,1,NA,NA,1,NA,NA,NA,NA,NA,NA,1,NA,NA,NA,NA,NA,NA,NA,NA,NA,NA,NA,NA,NA,NA,NA,NA,NA,NA,NA,NA,NA,NA,NA,NA,NA,NA,NA,25.4,15.4,8.4,8.4,22.2,141,39.2,101.2,27.8,145.6,48.3,Carnivore,Invertivore,Insessorial
Ictinaetus malaiensis,Black Eagle,BE,BLEA,Forest,Forest,Forest,NA,NA,NA,NA,NA,NA,NA,NA,NA,1,NA,NA,NA,1,NA,NA,1,1,1,1,NA,NA,NA,NA,NA,NA,NA,NA,NA,NA,NA,NA,NA,NA,NA,NA,NA,NA,NA,51.5,26.1,13.7,18.6,68.7,552.8,240.5,316.8,43.2,314.4,1028,Carnivore,Vertivore,Aerial
Milvus migrans,Black Kite,NA,BLKI,Generalist,None,Generalist,NA,1,1,1,NA,NA,NA,NA,NA,NA,NA,NA,NA,NA,NA,NA,NA,NA,NA,NA,NA,NA,NA,NA,NA,NA,NA,NA,NA,NA,NA,NA,NA,NA,NA,NA,NA,NA,NA,40,22.4,13,17.4,51.4,457.4,219.9,237.5,48.1,269.5,734.1,Omnivore,Omnivore,Aerial
Anthus godlewskii,Blyth's Pipit,NA,BLPI,Grassland,Grassland,Grassland,1,1,NA,NA,1,NA,NA,NA,NA,NA,NA,NA,NA,NA,NA,NA,NA,NA,NA,NA,NA,NA,1,NA,NA,NA,NA,NA,NA,NA,NA,NA,NA,NA,NA,NA,NA,NA,NA,15,8.8,3.5,3.8,25.5,89.8,23.1,65.9,26,71.4,25.3,Carnivore,Invertivore,Terrestrial
Aquila fasciata,Bonelli's Eagle,NA,BNEA,Generalist,None,Generalist,NA,NA,NA,NA,NA,NA,NA,NA,NA,1,NA,NA,NA,NA,NA,NA,NA,NA,NA,NA,NA,NA,NA,NA,NA,NA,NA,NA,NA,NA,NA,NA,NA,NA,NA,NA,NA,NA,NA,45.7,28.9,16.2,23.7,93.2,486.8,181.8,305,37.3,260,1936.5,Carnivore,Vertivore,Aerial
Hypothymis azurea,Black-naped Monarch,BNM,BNMO,Forest,Wooded Habitat,Forest,NA,NA,1,NA,NA,NA,NA,NA,NA,1,NA,NA,NA,1,1,NA,1,NA,NA,NA,NA,NA,NA,NA,NA,NA,NA,NA,NA,NA,NA,NA,NA,NA,NA,NA,NA,NA,NA,11.8,8.5,4.6,3.7,15.8,69.8,11.1,58.6,16,75.2,11.1,Carnivore,Invertivore,Insessorial
Oriolus chinensis,Black-naped Oriole,NA,BNOR,Forest,Wooded Habitat,Forest,NA,NA,1,NA,NA,NA,NA,NA,NA,1,NA,NA,NA,1,NA,NA,1,NA,NA,NA,NA,NA,NA,NA,NA,NA,NA,NA,NA,NA,NA,NA,NA,NA,NA,NA,NA,NA,NA,35.8,25.4,10.8,11.1,26.8,150.9,43.8,106.7,29.1,98.8,82.6,Omnivore,Frugivore,Insessorial
Hieraaetus pennatus,Booted Eagle,BTE,BOEA,Generalist,None,Generalist,NA,NA,1,NA,NA,NA,NA,NA,NA,NA,NA,NA,NA,NA,NA,NA,NA,NA,NA,NA,1,NA,NA,NA,NA,NA,NA,NA,NA,NA,NA,1,NA,NA,NA,NA,NA,NA,NA,33.8,19.1,10.1,17,65.3,361.8,151.3,209.1,42,198,823.8,Carnivore,Vertivore,Generalist
Dicrurus aeneus,Bronzed Drongo,BD,BRDR,Forest,Forest,Forest,NA,NA,NA,NA,NA,NA,NA,NA,NA,1,NA,NA,NA,1,1,NA,1,NA,NA,NA,NA,NA,NA,NA,NA,NA,NA,NA,NA,NA,NA,NA,NA,NA,NA,NA,NA,NA,NA,21.6,13.3,7.6,6.1,16,116.9,34.4,82.5,29.4,84.6,26,Carnivore,Invertivore,Insessorial
Dinopium benghalense,Black-rumped Flameback,BRF,BRFL,Generalist,None,Generalist,NA,NA,1,1,NA,NA,NA,NA,NA,1,NA,NA,NA,NA,NA,NA,1,NA,NA,NA,NA,NA,NA,NA,NA,NA,NA,NA,NA,NA,NA,NA,NA,NA,NA,NA,NA,NA,NA,36.1,26.6,8.4,8.8,25.2,140.9,29.4,112.3,20.7,94.7,100,Carnivore,Invertivore,Insessorial
Haliastur indus,Brahminy Kite,NA,BRKI,Generalist,Wetland,Generalist,1,NA,NA,1,NA,NA,NA,NA,NA,NA,NA,NA,NA,NA,NA,NA,NA,NA,NA,NA,NA,NA,1,NA,NA,1,NA,NA,1,NA,NA,NA,NA,1,NA,1,NA,NA,1,48.8,24.4,12.9,17,48.2,399.8,147,257.2,36.4,203.8,529,Carnivore,Omnivore,Generalist
Lanius cristatus,Brown Shrike,NA,BRSH,Forest,Wooded Habitat,Forest,NA,NA,1,NA,NA,NA,NA,NA,NA,1,NA,1,NA,NA,NA,NA,1,NA,NA,NA,NA,NA,NA,NA,NA,NA,NA,NA,NA,NA,NA,NA,NA,NA,NA,NA,NA,NA,NA,19.3,11.6,6.2,7.9,23.8,85,22.5,62.2,26.6,79.9,32.2,Carnivore,Invertivore,Insessorial
Sturnia pagodarum,Brahminy Starling,NA,BRST,Generalist,None,Generalist,NA,1,1,NA,NA,NA,NA,NA,NA,1,NA,1,NA,NA,NA,NA,NA,NA,NA,NA,NA,NA,NA,NA,NA,NA,NA,NA,NA,NA,NA,NA,NA,NA,NA,NA,NA,NA,NA,19.9,12.3,4.7,5.1,27.1,99.8,27.2,72.6,27.3,62.5,48.9,Herbivore,Omnivore,Insessorial
Acrocephalus dumetorum,Blyth's Reed Warbler,BRW,BRWA,Generalist,None,Generalist,NA,1,1,1,NA,NA,NA,NA,NA,1,NA,NA,NA,1,1,1,1,NA,NA,NA,NA,NA,NA,NA,NA,NA,NA,NA,NA,NA,NA,NA,NA,NA,NA,NA,NA,NA,NA,16.4,9.2,3.6,3.1,22.3,62.1,12.7,49.6,20.4,53.1,11.2,Carnivore,Invertivore,Insessorial
Merops philippinus,Blue-tailed Bee-eater,NA,BTBE,Grassland,Open Habitat,Grassland,1,1,NA,NA,1,NA,1,NA,NA,NA,NA,NA,NA,NA,NA,NA,NA,NA,NA,NA,NA,NA,NA,NA,NA,1,1,1,1,NA,NA,NA,NA,1,NA,NA,NA,NA,1,42.1,33.8,7,7.4,13,129.5,26.6,104.2,20.3,106,34,Carnivore,Invertivore,Insessorial
Cyornis rubeculoides,Blue-throated Flycatcher,NA,BTFL,Forest,Wooded Habitat,Forest,NA,NA,1,NA,NA,NA,NA,NA,NA,NA,NA,NA,NA,1,NA,NA,1,NA,1,1,NA,NA,NA,NA,NA,NA,NA,NA,NA,NA,NA,NA,NA,NA,NA,NA,NA,NA,NA,13.5,8.4,4.4,3.6,16.1,65.7,13.5,51.1,20.9,58.2,14.2,Carnivore,Invertivore,Insessorial
Lonchura kelaarti,Black-throated Munia,NA,BTMU,Generalist,None,Generalist,NA,1,1,NA,NA,NA,NA,NA,NA,1,NA,NA,NA,1,NA,NA,1,NA,NA,NA,NA,NA,NA,NA,NA,NA,NA,NA,NA,NA,NA,NA,NA,NA,NA,NA,NA,NA,NA,13.6,9,7,7.7,14.4,54.2,13,41.2,24,38.6,14.1,Herbivore,Granivore,Insessorial
Hemipus picatus,Bar-winged Flycatcher-shrike,BWFS,BWFS,Forest,Forest,Forest,NA,NA,NA,NA,NA,NA,NA,NA,NA,1,NA,NA,NA,1,NA,NA,1,NA,NA,NA,NA,NA,NA,NA,NA,NA,NA,NA,NA,NA,NA,NA,NA,NA,NA,NA,NA,NA,NA,12.2,8.4,4.3,3.7,11.2,60.7,9.4,52,15.3,55.5,9,Carnivore,Invertivore,Insessorial
Elanus caeruleus,Black-winged Kite,BWK,BWKI,Grassland,Open Habitat,Grassland,NA,1,NA,NA,1,NA,NA,NA,NA,NA,NA,NA,NA,NA,NA,NA,NA,NA,NA,NA,NA,NA,NA,NA,NA,NA,NA,NA,NA,NA,NA,1,NA,NA,NA,NA,NA,NA,NA,30.9,16,9.2,11.3,32.1,286.3,132.1,160.2,45.2,127.7,259.8,Carnivore,Vertivore,Aerial
Strix leptogrammica,Brown Wood-Owl,NA,BWOW,Forest,Tropical Forest,Forest,NA,NA,NA,NA,NA,NA,NA,NA,NA,NA,NA,NA,NA,1,NA,NA,1,NA,NA,NA,NA,NA,NA,NA,NA,NA,NA,NA,NA,NA,NA,NA,NA,NA,NA,NA,NA,NA,NA,42.3,19.8,11.4,18.6,40.2,313,89.2,224.3,28.5,157,970,Carnivore,Vertivore,Insessorial
Bubulcus ibis,Cattle Egret,CE,CAEG,Wetland,Wetland,Wetland,NA,NA,NA,1,NA,NA,NA,NA,NA,NA,NA,NA,NA,NA,NA,NA,NA,NA,NA,NA,NA,NA,NA,NA,NA,1,NA,NA,1,NA,NA,NA,NA,1,NA,NA,NA,NA,NA,63.3,43.5,8.6,11.5,76.8,244.4,73,171.2,29.9,90.9,366,Carnivore,Omnivore,Terrestrial
Leptocoma minima,Crimson-backed Sunbird,CBS,CBSU,Forest,Wooded Habitat,Forest,NA,NA,1,NA,NA,NA,NA,NA,NA,NA,NA,NA,NA,1,NA,1,1,NA,NA,NA,NA,NA,NA,NA,NA,NA,NA,NA,NA,NA,NA,NA,NA,NA,NA,NA,NA,NA,NA,15.1,10.3,2.6,2.2,13,44.3,6.2,39.2,13.6,28.6,4.9,Omnivore,Nectarivore,Insessorial
Merops leschenaulti,Chestnut-headed Bee-eater,CHBE,CHBE,Forest,Forest,Forest,NA,NA,NA,NA,NA,NA,NA,NA,NA,1,NA,NA,NA,NA,NA,NA,1,NA,NA,NA,NA,NA,NA,NA,NA,NA,NA,NA,NA,NA,NA,NA,NA,NA,NA,NA,NA,NA,NA,38.3,28.9,7.5,6.3,11.1,106.2,43.7,62,41.4,80.2,27.2,Carnivore,Invertivore,Insessorial
Parus cinereus,Cinereous Tit,CT,CITI,Generalist,None,Generalist,NA,NA,1,1,NA,NA,NA,NA,NA,1,NA,NA,NA,NA,NA,NA,1,NA,1,1,1,NA,NA,NA,NA,NA,NA,NA,NA,NA,NA,NA,NA,NA,NA,NA,NA,NA,NA,10.6,7.8,4.1,4.4,16.7,63.1,11.4,51.7,18.1,57.9,14.4,Omnivore,Invertivore,Insessorial
Psilopogon haemacephalus,Coppersmith Barbet,CSB,COBA,Forest,Wooded Habitat,Forest,NA,NA,1,NA,NA,NA,NA,NA,NA,1,NA,NA,NA,NA,NA,NA,1,NA,NA,NA,NA,NA,NA,NA,NA,NA,NA,NA,NA,NA,NA,NA,NA,NA,NA,NA,NA,NA,NA,18.6,14.8,9.3,9.4,19.2,80.6,19.8,59.3,25.1,36.1,44.5,Omnivore,Frugivore,Insessorial
Buteo buteo,Common Buzzard,CBZ,COBU,Grassland,Grassland,Grassland,NA,1,NA,NA,NA,NA,NA,NA,NA,NA,NA,NA,NA,NA,NA,NA,NA,NA,NA,NA,NA,NA,NA,NA,NA,NA,NA,NA,NA,NA,NA,NA,NA,NA,NA,NA,NA,NA,NA,35.9,22.1,12.6,16.6,75.8,383.2,147.2,237.2,38.3,214.4,759.1,Carnivore,Vertivore,Insessorial
Hierococcyx varius,Common Hawk-Cuckoo,NA,COHC,Forest,Wooded Habitat,Forest,NA,NA,1,NA,NA,NA,NA,NA,NA,1,NA,NA,NA,NA,NA,NA,1,NA,NA,NA,NA,NA,NA,NA,NA,NA,NA,NA,NA,NA,NA,NA,NA,NA,NA,NA,NA,NA,NA,26.1,14.9,7.7,7.6,23.5,191,66.8,124,35,161.4,103,Carnivore,Invertivore,Insessorial
Aegithina tiphia,Common Iora,CI,COIO,Generalist,Wooded Habitat,Generalist,NA,NA,1,NA,NA,NA,NA,NA,NA,1,NA,1,NA,NA,NA,NA,1,NA,NA,NA,NA,NA,NA,NA,NA,NA,NA,NA,NA,NA,NA,NA,NA,NA,NA,NA,NA,NA,NA,17,10.8,4.3,4.5,19.7,61.6,6.2,55.2,10,47.8,12,Carnivore,Invertivore,Insessorial
Acridotheres tristis,Common Myna,NA,COMY,Generalist,None,Generalist,NA,1,1,1,NA,NA,NA,NA,NA,1,NA,NA,NA,NA,NA,NA,NA,NA,NA,NA,NA,NA,NA,NA,NA,NA,NA,NA,NA,NA,NA,NA,NA,NA,NA,NA,NA,NA,NA,26.8,16,6.4,8,38.6,139.8,32.8,106.3,23.6,84.8,116.4,Carnivore,Omnivore,Terrestrial
Carpodacus erythrinus,Common Rosefinch,CRF,CORO,Forest,None,Forest,NA,NA,1,NA,NA,NA,NA,NA,NA,1,1,NA,NA,NA,NA,NA,NA,NA,NA,NA,NA,NA,NA,NA,NA,NA,NA,NA,NA,NA,NA,NA,NA,NA,NA,NA,NA,NA,NA,12,8,6.8,7.9,16.4,80.2,24.7,55.8,30.8,58.6,24,Herbivore,Granivore,Insessorial
Orthotomus sutorius,Common Tailorbird,CTB,COTA,Generalist,None,Generalist,NA,NA,1,1,NA,NA,NA,NA,NA,1,NA,NA,NA,NA,1,NA,1,NA,NA,NA,NA,NA,NA,NA,NA,NA,NA,NA,NA,NA,NA,NA,NA,1,NA,NA,NA,NA,NA,15.5,8.9,2.7,2.6,19.3,45.5,4.8,40.8,10.4,47.7,7.5,Carnivore,Invertivore,Insessorial
Spilornis cheela,Crested Serpent-Eagle,CSE,CSEA,Forest,Forest,Forest,NA,NA,NA,NA,NA,NA,NA,NA,NA,1,NA,NA,NA,1,NA,NA,1,1,1,NA,NA,NA,NA,NA,NA,NA,NA,NA,NA,NA,NA,NA,NA,1,NA,NA,NA,NA,NA,45.6,30.1,14.4,20.8,82.2,373.7,112.6,261.1,30.1,237.4,597.7,Carnivore,Vertivore,Insessorial
Sturnia malabarica,Chestnut-tailed Starling,NA,CTST,Forest,Wooded Habitat,Forest,NA,NA,1,NA,NA,NA,NA,NA,NA,1,NA,NA,NA,NA,NA,NA,NA,NA,NA,NA,NA,NA,NA,NA,NA,NA,NA,NA,NA,NA,NA,NA,NA,NA,NA,NA,NA,NA,NA,21.4,13.4,5.9,5.6,24.4,100.9,30.8,70.1,30.5,59.2,39.6,Herbivore,Omnivore,Insessorial
Clamator coromandus,Chestnut-winged Cuckoo,NA,CWCU,Forest,Wooded Habitat,Forest,NA,NA,1,NA,NA,NA,NA,NA,NA,1,NA,NA,NA,NA,1,NA,1,NA,NA,NA,NA,1,NA,NA,NA,NA,NA,NA,NA,NA,NA,NA,NA,1,NA,NA,NA,NA,NA,31.4,22,8.2,8.9,23.1,159.8,42.2,117.5,26.4,212.4,74.6,Carnivore,Invertivore,Insessorial
Ptyonoprogne concolor,Dusky Crag-Martin,NA,DCMA,Generalist,None,Generalist,NA,1,NA,1,NA,NA,NA,NA,NA,NA,1,NA,NA,NA,NA,NA,NA,NA,NA,NA,NA,NA,NA,NA,NA,NA,NA,NA,NA,NA,NA,NA,NA,NA,NA,NA,NA,NA,NA,9.5,4.6,3,2.4,9.9,107.1,59.4,47.8,55.4,48.9,13,Carnivore,Invertivore,Aerial
Dumetia atriceps,Dark-fronted Babbler,DFB,DFBA,Forest,Tropical Forest,Forest,NA,NA,NA,NA,NA,NA,NA,NA,NA,NA,NA,NA,NA,NA,NA,NA,NA,NA,NA,NA,NA,NA,NA,NA,NA,NA,NA,NA,NA,NA,NA,NA,NA,NA,NA,NA,NA,NA,NA,14.5,7.8,3.2,4,21.1,58.6,4.2,54.5,7.2,47.8,16.3,Carnivore,Invertivore,Generalist
Eurystomus orientalis,Dollarbird,NA,DOLL,Forest,Tropical Forest,Forest,NA,NA,NA,NA,NA,NA,NA,NA,NA,NA,NA,NA,NA,1,NA,NA,1,NA,NA,NA,NA,NA,NA,NA,NA,NA,NA,NA,NA,NA,NA,NA,NA,NA,NA,NA,NA,NA,NA,32,20.1,11.8,13.4,16.8,186.2,68.4,116.8,36.9,98,143,Carnivore,Invertivore,Aerial
Ptyonoprogne rupestris,Eurasian Crag-Martin,NA,ECMA,Generalist,None,Generalist,NA,1,NA,NA,NA,1,NA,NA,NA,NA,1,NA,NA,NA,NA,NA,NA,NA,1,NA,1,NA,NA,NA,NA,NA,NA,NA,NA,NA,NA,NA,NA,NA,NA,NA,NA,NA,NA,11.6,5.1,3.8,2.6,11.5,129.5,72.4,57,56,59.4,20.4,Carnivore,Invertivore,Aerial
Neophron percnopterus,Egyptian Vulture,NA,EGVU,Grassland,Grassland and Scrub,Grassland,NA,NA,NA,NA,1,NA,NA,NA,NA,1,NA,1,1,NA,NA,NA,NA,NA,NA,NA,NA,NA,NA,NA,NA,NA,NA,NA,NA,NA,NA,1,NA,NA,NA,NA,NA,NA,NA,61.7,33,10.4,13.5,77.2,490.8,236,255,48,247.2,2082,Omnivore,Scavenger,Generalist
Curruca crassirostris,Eastern Orphean Warbler,NA,EOWA,Grassland,None,Grassland,NA,NA,NA,NA,NA,NA,NA,NA,NA,NA,NA,NA,NA,NA,NA,NA,NA,NA,NA,NA,NA,NA,NA,NA,NA,NA,NA,NA,NA,NA,NA,NA,NA,NA,NA,NA,NA,NA,NA,18.5,10.2,3.8,4.4,23,80.1,21.2,58.9,26.4,66,21.9,Carnivore,Invertivore,Insessorial
Upupa epops,Eurasian Hoopoe,EH,EUHO,Grassland,Grassland,Grassland,NA,1,NA,NA,NA,NA,NA,NA,NA,NA,NA,NA,NA,NA,NA,NA,NA,NA,NA,NA,NA,NA,NA,NA,NA,NA,NA,NA,NA,NA,NA,NA,NA,NA,NA,NA,NA,NA,NA,55.8,46.9,5.5,6.3,21.1,142.3,30.5,111.5,21.4,96.9,66.9,Carnivore,Invertivore,Terrestrial
Falco tinnunculus,Eurasian Kestrel,NA,EUKE,Grassland,None,Grassland,NA,1,NA,NA,1,1,NA,1,NA,NA,NA,NA,NA,NA,NA,NA,NA,NA,1,1,1,NA,NA,NA,1,NA,NA,NA,NA,NA,NA,NA,1,NA,NA,NA,NA,NA,NA,20.8,14.4,11,11.6,38.4,241.8,123.7,118.8,51,158.1,183.2,Carnivore,Vertivore,Aerial
Accipiter nisus,Eurasian Sparrowhawk,NA,EUSP,Grassland,None,Grassland,NA,1,1,NA,1,NA,NA,NA,NA,1,NA,NA,NA,NA,NA,NA,1,NA,1,1,1,NA,NA,NA,NA,NA,NA,NA,NA,NA,NA,NA,1,NA,NA,NA,NA,NA,NA,19.6,11.4,8.4,10,53.6,207.4,74.2,134.3,35.5,155.5,220.8,Carnivore,Vertivore,Insessorial
Scolopax rusticola,Eurasian Woodcock,NA,EUWO,Forest,Wooded Habitat,Forest,NA,NA,1,NA,NA,NA,NA,NA,NA,NA,NA,NA,NA,1,NA,NA,NA,NA,1,1,NA,NA,NA,NA,NA,NA,NA,NA,NA,NA,NA,NA,NA,NA,NA,NA,NA,NA,NA,76.7,60.9,6.5,10,34.2,192.4,75.1,115.6,39.4,84.8,308.3,Carnivore,Omnivore,Terrestrial
Dendronanthus indicus,Forest Wagtail,NA,FOWA,Forest,Wooded Habitat,Forest,NA,NA,1,NA,NA,NA,NA,NA,NA,NA,NA,NA,NA,1,NA,NA,1,NA,NA,NA,NA,NA,NA,NA,NA,NA,NA,NA,NA,NA,NA,NA,NA,1,NA,NA,NA,NA,NA,17.5,11.1,3.3,3.4,20.5,78.4,26.9,51.3,34.4,67,16.4,Carnivore,Invertivore,Terrestrial
Rubigula gularis,Flame-throated Bulbul,FTB,FTBU,Forest,Tropical Forest,Forest,NA,NA,NA,NA,NA,NA,NA,NA,NA,NA,NA,NA,NA,1,NA,NA,1,NA,NA,NA,NA,NA,NA,NA,NA,NA,NA,NA,NA,NA,NA,NA,NA,NA,NA,NA,NA,NA,NA,14.1,7.3,3.6,3.8,14.4,73.8,8.8,65,11.9,78,29.3,Herbivore,Frugivore,Insessorial
Surniculus dicruroides,Fork-tailed Drongo-Cuckoo,NA,FTDC,Forest,Wooded Habitat,Forest,NA,NA,1,NA,NA,NA,NA,NA,NA,1,NA,NA,NA,NA,NA,NA,1,NA,NA,NA,NA,NA,NA,NA,NA,NA,NA,NA,NA,NA,NA,NA,NA,NA,NA,NA,NA,NA,NA,23.5,14.7,6.2,7.1,15.6,135.8,47,88.8,34.6,123,29.7,Carnivore,Invertivore,Insessorial
Cacomantis passerinus,Gray-bellied Cuckoo,GBC,GBCU,Generalist,None,Generalist,NA,1,1,NA,NA,NA,NA,NA,NA,1,NA,NA,NA,NA,NA,NA,1,NA,NA,NA,NA,NA,NA,NA,NA,NA,NA,NA,NA,NA,NA,NA,NA,NA,NA,NA,NA,NA,NA,20.7,12.8,5.4,5.4,17.4,113,37.2,75.5,32.9,103,25.3,Carnivore,Invertivore,Insessorial
Merops orientalis,Green Bee-eater,NA,GBEA,Generalist,None,Generalist,NA,1,1,1,1,NA,NA,NA,NA,1,NA,1,1,NA,NA,NA,NA,NA,NA,NA,NA,NA,NA,NA,NA,NA,NA,NA,NA,NA,NA,NA,NA,NA,NA,NA,NA,NA,NA,31.1,22.3,5.7,4.8,10.2,91,31.5,59.1,34.8,103,14.8,Carnivore,Invertivore,Insessorial
Prinia hodgsonii,Gray-breasted Prinia,GBP,GBPR,Grassland,None,Grassland,NA,1,1,NA,NA,1,NA,NA,NA,1,1,1,NA,NA,1,NA,NA,NA,1,NA,1,NA,NA,NA,NA,NA,NA,NA,NA,NA,NA,NA,NA,1,NA,NA,NA,NA,NA,11.9,6.2,2.2,2.3,18.1,45.5,4.8,40.5,10.7,46.6,6.4,Carnivore,Invertivore,Insessorial
Treron affinis,Gray-fronted Green-Pigeon,NA,GFGP,Forest,Tropical Forest,Forest,NA,NA,NA,NA,NA,NA,NA,NA,NA,NA,NA,NA,NA,1,NA,NA,1,NA,NA,NA,NA,NA,NA,NA,NA,NA,NA,NA,NA,NA,NA,NA,NA,NA,NA,NA,NA,NA,NA,18.4,10,4.8,5.7,22.8,144,51.2,92.8,35.6,76.5,234,Herbivore,Frugivore,Insessorial
Chloropsis aurifrons,Golden-fronted Leafbird,GFL,GFLE,Forest,Wooded Habitat,Forest,NA,NA,1,NA,NA,NA,NA,NA,NA,1,NA,NA,NA,1,NA,NA,1,NA,NA,NA,NA,NA,NA,NA,NA,NA,NA,NA,NA,NA,NA,NA,NA,NA,NA,NA,NA,NA,NA,23.7,14.9,4,5,19.8,94.4,18.7,75,20,69.8,32.3,Omnivore,Omnivore,Insessorial
Brachypodius priocephalus,Gray-Headed Bulbul,GHB,GHBU,Forest,Tropical Forest,Forest,NA,NA,NA,NA,NA,NA,NA,NA,NA,NA,NA,NA,NA,1,NA,NA,1,NA,NA,NA,NA,NA,NA,NA,NA,NA,NA,NA,NA,NA,NA,NA,NA,NA,NA,NA,NA,NA,NA,14.2,7.8,3.6,4,14.1,74.4,10.8,64.2,14.4,74.2,25.5,Herbivore,Frugivore,Insessorial
Culicicapa ceylonensis,Gray-headed Canary-Flycatcher,GHCF,GHCF,Forest,Wooded Habitat,Forest,NA,NA,1,NA,NA,NA,NA,NA,NA,NA,NA,NA,NA,1,NA,1,1,1,1,1,NA,NA,NA,NA,NA,NA,NA,NA,NA,NA,NA,NA,NA,NA,NA,NA,NA,NA,NA,11.7,5.9,3.8,2.5,12.2,58.4,11,47.2,18.9,48.4,7.7,Carnivore,Invertivore,Insessorial
Centropus sinensis,Greater Coucal,GC,GRCO,Generalist,None,Generalist,NA,1,1,1,NA,NA,NA,NA,NA,1,NA,1,NA,NA,1,NA,NA,NA,NA,NA,NA,NA,NA,NA,NA,NA,NA,NA,NA,NA,NA,NA,NA,NA,NA,NA,NA,NA,NA,46.6,29.3,9.9,16.3,55.6,212.4,30.9,181.9,14.6,260.9,280.7,Carnivore,Vertivore,Terrestrial
Motacilla cinerea,Gray Wagtail,GWT,GREW,Generalist,None,Generalist,NA,NA,NA,1,NA,NA,NA,NA,NA,NA,NA,NA,NA,1,NA,1,NA,NA,NA,NA,NA,1,1,NA,NA,1,NA,NA,NA,NA,NA,NA,NA,NA,NA,NA,1,NA,NA,17.4,10.8,3.1,3,18.2,82.8,28.6,54,34.6,94.4,17.2,Carnivore,Invertivore,Terrestrial
Chrysocolaptes guttacristatus,Greater Flameback,GF,GRFL,Forest,Tropical Forest,Forest,NA,NA,NA,NA,NA,NA,NA,NA,NA,NA,NA,NA,NA,1,NA,NA,1,NA,NA,NA,NA,NA,NA,NA,NA,NA,NA,NA,NA,NA,NA,NA,NA,1,NA,NA,NA,NA,NA,52.4,39.4,11.3,12,30,165.6,36.9,128.7,22.3,90.1,166,Carnivore,Invertivore,Insessorial
Buceros bicornis,Great Hornbill,GH,GRHO,Forest,Tropical Forest,Forest,NA,NA,NA,NA,NA,NA,NA,NA,NA,NA,NA,NA,NA,1,NA,NA,1,NA,NA,NA,NA,NA,NA,NA,NA,NA,NA,NA,NA,NA,NA,NA,NA,NA,NA,NA,NA,NA,NA,355.5,271,56.9,64.7,74.5,509.4,133.7,385.8,25.7,421.4,2790.8,Omnivore,Frugivore,Insessorial
Gallus sonneratii,Gray Junglefowl,GJ,GRJU,Forest,Forest,Forest,NA,NA,NA,NA,NA,NA,NA,NA,NA,1,NA,NA,NA,1,NA,1,1,NA,NA,NA,NA,NA,NA,NA,NA,NA,NA,NA,NA,NA,NA,NA,NA,NA,NA,NA,NA,NA,NA,36.4,14.9,9.2,9.1,67.5,218,45.2,168.3,21.2,219,840.8,Herbivore,Omnivore,Terrestrial
Phylloscopus nitidus,Green Warbler,GW,GRNW,Forest,Wooded Habitat,Forest,NA,NA,1,NA,NA,NA,NA,NA,NA,1,NA,NA,NA,1,NA,NA,1,NA,NA,NA,NA,NA,NA,NA,NA,NA,NA,NA,NA,NA,NA,NA,NA,NA,NA,NA,NA,NA,NA,12.4,6.6,2.7,2.7,19.1,62.5,14.4,47.2,23.4,50.4,7.8,Carnivore,Invertivore,Insessorial
Dicrurus paradiseus,Greater Racket-tailed Drongo,GRTD,GRTD,Forest,Tropical Forest,Forest,NA,NA,NA,NA,NA,NA,NA,NA,NA,NA,NA,NA,NA,1,1,NA,1,NA,NA,NA,NA,NA,NA,NA,NA,NA,NA,NA,NA,NA,NA,NA,NA,NA,NA,NA,NA,NA,NA,32.5,20.1,10,10.7,24.5,142.9,31.1,111.8,21.8,204.8,85.8,Carnivore,Invertivore,Insessorial
Phylloscopus trochiloides,Greenish Warbler,GNW,GRWA,Forest,Wooded Habitat,Forest,NA,NA,1,NA,NA,NA,NA,NA,NA,1,NA,NA,NA,1,NA,NA,1,NA,1,1,1,NA,NA,1,NA,NA,NA,NA,NA,NA,NA,NA,NA,1,NA,NA,NA,NA,NA,11.3,6.4,3,2.6,18.7,61.3,12.2,49,19.9,48.4,8.1,Carnivore,Invertivore,Insessorial
Hirundo domicola,Hill Swallow,HSW,HISW,Grassland,None,Grassland,NA,1,NA,NA,NA,1,NA,1,NA,NA,NA,NA,NA,NA,NA,1,NA,NA,NA,NA,NA,NA,NA,NA,NA,NA,NA,NA,NA,NA,NA,NA,NA,NA,NA,NA,NA,NA,NA,10.7,5.2,3.6,2.4,10.1,102.6,54.9,47.8,53.5,48,17.8,Carnivore,Invertivore,Aerial
Corvus splendens,House Crow,HC,HOCR,Generalist,None,Generalist,NA,1,1,1,NA,NA,NA,NA,NA,NA,NA,NA,NA,NA,NA,NA,NA,NA,NA,NA,NA,NA,NA,NA,NA,NA,NA,NA,1,NA,NA,NA,NA,NA,NA,NA,NA,NA,NA,49.7,31.5,13.9,16.7,45.9,258.2,93.8,163.9,36.3,151.9,292.6,Omnivore,Omnivore,Terrestrial
Passer domesticus,House Sparrow,HS,HOSP,Generalist,None,Generalist,NA,1,1,1,1,NA,NA,NA,NA,NA,1,NA,NA,NA,NA,NA,NA,NA,NA,NA,NA,NA,NA,NA,NA,NA,NA,NA,NA,NA,NA,NA,NA,NA,NA,NA,NA,NA,NA,13.5,9.1,6.3,7.4,17.9,74.9,20.4,54.4,27.3,57.2,26.5,Herbivore,Granivore,Terrestrial
Larvivora brunnea,Indian Blue Robin,IBR,IBRO,Forest,Wooded Habitat,Forest,NA,NA,1,NA,NA,NA,NA,NA,NA,NA,NA,NA,NA,1,1,NA,1,1,1,1,1,NA,NA,NA,NA,NA,NA,NA,NA,NA,NA,NA,NA,NA,NA,NA,NA,NA,NA,14.4,8,3.1,3.4,26.2,71.2,13,58,18.3,47.6,17.5,Carnivore,Invertivore,Terrestrial
Ocyceros birostris,Indian Gray Hornbill,NA,IGHO,Forest,None,Forest,NA,NA,1,1,NA,NA,NA,NA,NA,1,NA,NA,NA,NA,NA,NA,NA,NA,NA,NA,NA,NA,NA,NA,NA,NA,NA,NA,NA,NA,NA,NA,NA,NA,NA,NA,NA,NA,NA,97,80,22.5,29.1,47.6,212.3,43.8,160.5,21.4,258.3,375,Herbivore,Frugivore,Insessorial
Oriolus kundoo,Indian Golden Oriole,IGO,IGOR,Generalist,None,Generalist,NA,NA,1,1,NA,NA,NA,NA,NA,1,NA,NA,NA,1,NA,NA,1,NA,1,NA,NA,NA,NA,NA,NA,NA,NA,NA,NA,NA,NA,NA,NA,NA,NA,NA,NA,NA,NA,30.9,19.4,9.2,8.7,23.6,138.9,46.4,93,33.3,84.6,65.6,Omnivore,Omnivore,Insessorial
Turdus simillimus,Indian Blackbird,IB,INBL,Forest,None,Forest,NA,NA,1,NA,NA,NA,NA,NA,NA,1,1,NA,NA,1,NA,1,1,NA,NA,NA,NA,NA,NA,NA,NA,NA,NA,NA,NA,NA,NA,NA,NA,NA,NA,NA,NA,NA,NA,25.6,15.3,5.3,7.2,31,126.4,26.3,100.1,20.8,102.2,102.7,Omnivore,Omnivore,Generalist
Cuculus micropterus,Indian Cuckoo,NA,INCU,Forest,Wooded Habitat,Forest,NA,NA,1,NA,NA,NA,NA,NA,NA,NA,NA,NA,NA,1,NA,NA,1,1,NA,NA,NA,NA,NA,NA,NA,NA,NA,NA,NA,NA,NA,NA,NA,NA,NA,NA,NA,NA,NA,30.3,19.4,8.4,9.3,19.5,196.3,87.9,107,45.1,146.1,88.8,Carnivore,Invertivore,Insessorial
Pavo cristatus,Indian Peafowl,IP,INPE,Grassland,None,Grassland,NA,1,1,NA,NA,NA,NA,NA,NA,1,NA,NA,NA,NA,NA,NA,1,NA,NA,NA,NA,NA,NA,NA,NA,NA,NA,NA,NA,NA,NA,NA,NA,NA,NA,NA,NA,NA,NA,49.1,22.8,13,12.2,130,445.2,124.4,311.1,28.7,403.2,4154.8,Omnivore,Omnivore,Terrestrial
Pitta brachyura,Indian Pitta,IPT,INPI,Forest,Wooded Habitat,Forest,NA,NA,1,NA,NA,NA,NA,NA,NA,1,NA,NA,NA,1,NA,NA,1,NA,NA,NA,NA,NA,NA,NA,NA,NA,NA,NA,NA,NA,NA,NA,NA,NA,NA,NA,NA,NA,NA,22.8,13.9,6.5,7.5,36.5,104.8,23.2,81.5,22.1,39.4,55.5,Carnivore,Invertivore,Terrestrial
Terpsiphone paradisi,Indian Paradise-Flycatcher,NA,IPFL,Forest,Wooded Habitat,Forest,NA,NA,1,NA,NA,NA,NA,NA,NA,1,NA,NA,NA,1,NA,NA,1,NA,1,NA,NA,NA,NA,NA,NA,NA,NA,NA,NA,NA,NA,NA,NA,NA,NA,NA,NA,NA,NA,24.9,14,7.8,5.9,18,95,18.3,73,20.1,110.2,19.2,Carnivore,Invertivore,Insessorial
Ardeola grayii,Indian Pond Heron,IPH,IPHE,Wetland,None,Wetland,1,1,NA,1,NA,NA,1,NA,1,NA,NA,NA,NA,NA,NA,NA,NA,NA,NA,NA,NA,NA,1,NA,NA,1,NA,NA,1,NA,NA,NA,NA,NA,NA,NA,NA,NA,NA,72.4,50.1,9.3,12.1,57.3,207.4,59.6,147.8,28.7,74,253,Carnivore,Aquatic predator,Terrestrial
Pomatorhinus horsfieldii,Indian Scimitar-Babbler,ISB,ISBA,Forest,Tropical Forest,Forest,NA,NA,NA,NA,NA,NA,NA,NA,NA,NA,NA,NA,NA,1,NA,1,1,NA,NA,NA,NA,NA,NA,NA,NA,NA,NA,NA,NA,NA,NA,NA,NA,NA,NA,NA,NA,NA,NA,30.3,21.4,4,6.4,32.3,94.9,7.4,87,7.9,99.6,43,Carnivore,Invertivore,Terrestrial
Zosterops palpebrosus,Indian White Eye,OWE,IWEY,Forest,None,Forest,NA,NA,1,1,NA,NA,NA,NA,NA,NA,NA,NA,NA,1,NA,1,1,NA,NA,NA,NA,NA,NA,NA,NA,NA,NA,NA,NA,NA,NA,NA,NA,1,NA,NA,NA,NA,NA,12.7,6.9,2.9,2.8,14.9,51.8,10.7,40.9,20.7,35.3,8.6,Omnivore,Omnivore,Insessorial
Machlolophus aplonotus,Indian Yellow Tit,IYT,IYTI,Forest,Wooded Habitat,Forest,NA,NA,1,NA,NA,NA,NA,NA,NA,NA,NA,NA,NA,1,1,NA,1,NA,NA,NA,NA,NA,NA,NA,NA,NA,NA,NA,NA,NA,NA,NA,NA,NA,NA,NA,NA,NA,NA,11.3,8.3,3.7,4.5,17.2,71.2,12.9,58.3,18.1,56.5,14.8,Omnivore,Invertivore,Insessorial
Perdicula asiatica,Jungle Bush-Quail,NA,JBQU,Grassland,Grassland and Scrub,Grassland,NA,1,NA,NA,1,NA,NA,NA,NA,1,NA,1,1,NA,NA,NA,NA,NA,NA,NA,NA,NA,NA,NA,NA,NA,NA,NA,NA,NA,NA,NA,NA,NA,NA,NA,NA,NA,NA,14.6,8.1,5.7,7.2,25.3,81.2,14.2,66.3,17.6,35.4,68.4,Herbivore,Granivore,Terrestrial
Mirafra affinis,Jerdon's Bushlark,NA,JEBU,Grassland,Grassland and Scrub,Grassland,NA,1,NA,NA,1,NA,NA,NA,NA,NA,NA,1,NA,NA,NA,NA,NA,NA,NA,NA,NA,NA,NA,NA,NA,NA,NA,NA,NA,NA,NA,NA,NA,NA,NA,NA,NA,NA,NA,16.2,11.1,4.9,6.2,26.7,80.2,14.8,65.9,18.4,45.8,26.2,Omnivore,Omnivore,Terrestrial
Caprimulgus atripennis,Jerdon's Nightjar,NA,JENI,Forest,None,Forest,NA,1,NA,NA,1,NA,NA,NA,NA,1,NA,NA,NA,1,NA,NA,1,NA,NA,NA,NA,NA,NA,NA,NA,NA,NA,NA,NA,NA,NA,NA,NA,NA,NA,NA,NA,NA,NA,19.9,7.7,5.6,3.8,17.6,184.2,86,98.2,46.7,132.2,61,Carnivore,Invertivore,Aerial
Argya striata,Jungle Babbler,JB,JUBA,Generalist,None,Generalist,NA,NA,NA,NA,NA,NA,NA,NA,NA,NA,NA,NA,NA,NA,NA,NA,NA,NA,NA,NA,NA,NA,NA,NA,NA,NA,NA,NA,NA,NA,NA,NA,NA,NA,NA,NA,NA,NA,NA,24.3,14.8,4.8,7.5,32.4,99,9.6,91.2,9.5,101.4,66,Omnivore,Omnivore,Generalist
Acridotheres fuscus,Jungle Myna,JM,JUMY,Generalist,None,Generalist,NA,1,1,1,NA,NA,NA,NA,NA,1,NA,1,NA,NA,NA,NA,1,NA,NA,NA,NA,NA,NA,NA,NA,NA,NA,NA,NA,NA,NA,NA,NA,NA,NA,NA,NA,NA,NA,27.2,16.1,6.6,7.3,36.5,123.6,30.7,93.6,24.7,74.9,82.8,Omnivore,Omnivore,Insessorial
Caprimulgus indicus,Jungle Nightjar,JN,JUNI,Forest,Wooded Habitat,Forest,NA,NA,NA,NA,NA,NA,NA,NA,NA,1,NA,1,NA,NA,1,NA,1,NA,NA,NA,NA,NA,NA,NA,NA,NA,NA,NA,NA,NA,NA,NA,NA,NA,NA,NA,NA,NA,NA,21,7.2,4.7,2.9,15.8,181.8,89.7,92,49.4,116.2,91.6,Carnivore,Invertivore,Generalist
Prinia sylvatica,Jungle Prinia,JP,JUPR,Grassland,Grassland and Scrub,Grassland,NA,NA,NA,NA,1,NA,NA,NA,NA,NA,NA,1,1,NA,NA,NA,NA,NA,NA,NA,NA,NA,NA,NA,NA,NA,NA,NA,NA,NA,NA,NA,NA,NA,NA,NA,NA,NA,NA,14.3,7.8,2.5,3.3,20.6,57.4,6,50.8,10.4,68.2,16.1,Carnivore,Invertivore,Insessorial
Ficedula subrubra,Kashmir Flycatcher,KF,KAFL,Forest,Wooded Habitat,Forest,NA,NA,1,NA,NA,NA,NA,NA,NA,NA,NA,NA,NA,NA,NA,1,NA,NA,1,NA,NA,NA,NA,NA,NA,NA,NA,NA,NA,NA,NA,NA,NA,NA,NA,NA,NA,NA,NA,12,6.5,3.4,3,16.9,66.4,13.8,51.9,21,50.8,10.4,Carnivore,Invertivore,Insessorial
Coracina macei,Large Cuckooshrike,LC,LACU,Forest,Wooded Habitat,Forest,NA,NA,1,NA,NA,NA,NA,NA,NA,1,NA,NA,NA,NA,NA,NA,1,NA,1,NA,1,NA,NA,NA,NA,NA,NA,NA,NA,NA,NA,NA,NA,NA,NA,NA,NA,NA,NA,29.3,18.8,12.3,10.8,26.8,166.7,51.7,115.1,31,118.9,105,Carnivore,Invertivore,Insessorial
Corvus macrorhynchos,Large-billed Crow,LBC,LBCR,Generalist,None,Generalist,NA,NA,1,1,NA,NA,NA,NA,NA,1,NA,NA,NA,1,NA,NA,1,1,1,1,1,NA,NA,NA,NA,NA,NA,NA,NA,NA,NA,NA,NA,NA,NA,NA,NA,NA,NA,62,42.3,17.4,21.9,57,318.6,111.2,207.6,34.8,182.9,513.1,Omnivore,Omnivore,Generalist
Phylloscopus magnirostris,Large-billed Leaf Warbler,LBLW,LBLW,Forest,Forest,Forest,NA,NA,NA,NA,NA,NA,NA,NA,NA,NA,NA,NA,NA,1,NA,1,NA,NA,1,1,1,NA,NA,NA,NA,NA,NA,NA,NA,NA,NA,NA,NA,NA,NA,NA,NA,NA,NA,13.6,7.2,3.1,2.9,19.2,67.2,13.8,54,20.4,52.2,11.6,Carnivore,Invertivore,Insessorial
Anthus similis,Long-billed Pipit,NA,LBPI,Grassland,Grassland and Scrub,Grassland,NA,1,NA,NA,1,1,NA,1,NA,NA,1,NA,1,NA,NA,NA,NA,NA,NA,NA,NA,NA,NA,NA,NA,NA,NA,NA,NA,NA,NA,NA,NA,NA,NA,NA,NA,NA,NA,20.1,11.3,3.7,4.2,25.7,90.2,17.4,72.5,19.3,70.5,25.3,Carnivore,Invertivore,Terrestrial
Picus chlorolophus,Lesser Yellownape,NA,LEYE,Forest,Wooded Habitat,Forest,NA,NA,1,NA,NA,NA,NA,NA,NA,NA,NA,NA,NA,1,NA,NA,1,NA,1,NA,1,NA,NA,NA,NA,NA,NA,NA,NA,NA,NA,NA,NA,NA,NA,NA,NA,NA,NA,27.5,20.6,6.9,6.6,21.7,129,30.5,97.8,23.8,88.4,65.4,Carnivore,Invertivore,Insessorial
Argya malcolmi,Large Gray Babbler,NA,LGBA,Grassland,None,Grassland,NA,NA,NA,NA,NA,NA,NA,NA,NA,NA,NA,NA,NA,NA,NA,NA,NA,NA,NA,NA,NA,NA,NA,NA,NA,NA,NA,NA,NA,NA,NA,NA,NA,NA,NA,NA,NA,NA,NA,21.2,13.4,4.6,7.6,31.5,115.2,17.6,97.4,15.4,136.6,75.7,Carnivore,Invertivore,Generalist
Hierococcyx sparverioides,Large Hawk-Cuckoo,NA,LHCU,Forest,Forest,Forest,NA,NA,NA,NA,NA,NA,NA,NA,NA,NA,NA,NA,NA,1,NA,1,NA,NA,1,1,1,NA,NA,NA,NA,NA,NA,NA,NA,NA,NA,NA,NA,NA,NA,NA,NA,NA,NA,30.3,17.2,7.8,8.2,24.6,235,77,158.5,32.7,207.6,151,Carnivore,Invertivore,Insessorial
Microcarbo niger,Little Cormorant,LC,LICO,Wetland,Wetland,Wetland,1,NA,NA,NA,NA,NA,NA,NA,NA,NA,NA,NA,NA,NA,NA,NA,NA,NA,NA,NA,NA,NA,NA,NA,NA,1,NA,NA,NA,NA,NA,NA,NA,NA,NA,NA,1,NA,NA,34.6,25.8,7.2,11.3,36,196.4,65,129.5,33.3,131.4,427,Carnivore,Aquatic predator,Aquatic
Apus affinis,Little Swift,LS,LISW,Generalist,None,Generalist,NA,1,NA,1,NA,NA,NA,NA,NA,1,NA,NA,NA,1,NA,NA,1,NA,NA,NA,NA,NA,NA,NA,NA,NA,NA,NA,NA,NA,NA,NA,NA,NA,NA,NA,NA,NA,NA,8.5,3.9,5.6,2.8,10.3,126.5,81.7,42.1,66,41.5,22.6,Carnivore,Invertivore,Aerial
Cinnyris lotenius,Loten's Sunbird,NA,LOSU,Forest,Wooded Habitat,Forest,NA,NA,1,NA,NA,NA,NA,NA,NA,1,NA,NA,NA,1,NA,NA,1,NA,NA,NA,NA,NA,NA,NA,NA,NA,NA,NA,NA,NA,NA,NA,NA,NA,NA,NA,NA,NA,NA,29.5,23.3,4,3.6,15.2,57,8.8,48.1,15.4,38.5,8.8,Omnivore,Nectarivore,Insessorial
Lanius schach,Long-tailed Shrike,LTS,LTSH,Grassland,None,Grassland,NA,1,NA,NA,1,1,NA,NA,NA,NA,1,1,NA,NA,NA,NA,NA,NA,NA,NA,1,NA,NA,NA,NA,NA,NA,NA,NA,NA,NA,NA,1,NA,NA,NA,NA,NA,NA,21.8,13.2,6.8,9.2,29.2,92.4,18.6,73.2,20.3,123.3,51.5,Carnivore,Invertivore,Insessorial
Psilopogon malabaricus,Malabar Barbet,MB,MABA,Forest,Tropical Forest,Forest,NA,NA,NA,NA,NA,NA,NA,NA,NA,NA,NA,NA,NA,1,NA,NA,NA,NA,NA,NA,NA,NA,NA,NA,NA,NA,NA,NA,NA,NA,NA,NA,NA,NA,NA,NA,NA,NA,NA,14.9,11.6,7.2,8.4,18.5,79.2,23,56.2,29,34.8,37.6,Omnivore,Frugivore,Insessorial
Galerida malabarica,Malabar Lark,ML,MALA,Grassland,Grassland,Grassland,NA,1,NA,NA,1,1,NA,NA,NA,NA,NA,NA,NA,NA,NA,NA,NA,NA,NA,NA,NA,NA,NA,NA,NA,NA,NA,NA,NA,NA,NA,NA,NA,NA,NA,NA,NA,NA,NA,16,11.5,4.9,5.4,22.1,93.6,27.3,66,29.2,53.2,38.2,Omnivore,Omnivore,Terrestrial
Psittacula columboides,Malabar Parakeet,MP,MAPA,Forest,Forest,Forest,NA,NA,NA,NA,NA,NA,NA,NA,NA,1,NA,NA,NA,1,NA,NA,1,NA,NA,NA,NA,NA,NA,NA,NA,NA,NA,NA,NA,NA,NA,NA,NA,NA,NA,NA,NA,NA,NA,25.5,21.1,14.1,21.9,15.2,139,64.8,74.2,46.6,188.2,87,Herbivore,Omnivore,Insessorial
Harpactes fasciatus,Malabar Trogon,NA,MATR,Forest,Tropical Forest,Forest,NA,NA,NA,NA,NA,NA,NA,NA,NA,NA,NA,NA,NA,1,NA,NA,1,NA,NA,NA,NA,NA,NA,NA,NA,NA,NA,NA,NA,NA,NA,NA,NA,NA,NA,NA,NA,NA,NA,19.2,10.9,9.6,9.5,14.3,121,46.7,74.8,38.4,141.8,62,Carnivore,Invertivore,Insessorial
Tephrodornis sylvicola,Malabar Woodshrike,NA,MAWO,Forest,Tropical Forest,Forest,NA,NA,NA,NA,NA,NA,NA,NA,NA,NA,NA,NA,NA,1,NA,NA,1,NA,NA,NA,NA,NA,NA,NA,NA,NA,NA,NA,NA,NA,NA,NA,NA,NA,NA,NA,NA,NA,NA,25.6,16.2,6.2,7.3,19.1,112.9,19.5,93.4,17.3,83,37.8,Carnivore,Invertivore,Insessorial
Myophonus horsfieldii,Malabar Whistling-Thrush,MWT,MWTH,Forest,None,Forest,NA,NA,NA,NA,NA,NA,NA,NA,NA,NA,NA,NA,NA,1,NA,NA,1,NA,NA,NA,NA,NA,NA,NA,NA,NA,NA,NA,NA,NA,NA,NA,NA,NA,NA,NA,1,NA,NA,31.5,18.2,5.9,8.3,44.2,151.1,23.9,127.3,15.8,113.2,117,Carnivore,Aquatic predator,Terrestrial
Eumyias albicaudatus,Nilgiri Flycatcher,NF,NIFL,Forest,Wooded Habitat,Forest,NA,NA,1,NA,NA,NA,NA,NA,NA,NA,NA,NA,NA,1,NA,1,NA,NA,NA,NA,NA,NA,NA,NA,NA,NA,NA,NA,NA,NA,NA,NA,NA,NA,NA,NA,NA,NA,NA,12.9,7.3,4.2,3.6,18,75.4,10.9,62.8,14.8,66.8,16.4,Carnivore,Invertivore,Insessorial
Dicaeum concolor,Nilgiri Flowerpecker,NFP,NIFP,Forest,None,Forest,NA,NA,1,1,NA,NA,NA,NA,NA,NA,NA,NA,NA,1,NA,NA,1,NA,NA,NA,NA,NA,NA,NA,NA,NA,NA,NA,NA,NA,NA,NA,NA,NA,NA,NA,NA,NA,NA,10.9,7.1,2.7,3,11.8,47.2,9.5,37.6,20.3,26.2,6.2,Herbivore,Omnivore,Insessorial
Montecincla cachinnans,Nilgiri Laughingthrush,NLT,NILA,Forest,Wooded Habitat,Forest,NA,NA,1,NA,NA,NA,NA,NA,NA,NA,NA,NA,NA,NA,NA,1,NA,NA,NA,NA,NA,NA,NA,NA,NA,NA,NA,NA,NA,NA,NA,NA,NA,NA,NA,NA,NA,NA,NA,22.2,10.6,3.9,4.8,32.7,85.6,6.6,78.6,7.8,92.2,40.3,Omnivore,Invertivore,Insessorial
Anthus nilghiriensis,Nilgiri Pipit,NP,NIPI,Grassland,Grassland,Grassland,NA,NA,NA,NA,NA,NA,NA,1,NA,NA,NA,NA,NA,NA,NA,NA,NA,NA,NA,NA,NA,NA,NA,NA,NA,NA,NA,NA,NA,NA,NA,NA,NA,NA,NA,NA,NA,NA,NA,15.5,9.1,3.6,3.9,23.7,74.8,11.8,62.7,15.8,69.3,31,Carnivore,Invertivore,Terrestrial
Sholicola major,Nilgiri Sholakili,NS,NISH,Forest,Wooded Habitat,Forest,NA,NA,1,NA,NA,NA,NA,NA,NA,NA,NA,NA,NA,NA,NA,1,NA,NA,NA,NA,NA,NA,NA,NA,NA,NA,NA,NA,NA,NA,NA,NA,NA,NA,NA,NA,NA,NA,NA,16.8,9.3,4.1,4.1,26.1,76.8,9.5,67.5,12.3,63.2,38.5,Carnivore,Invertivore,Generalist
Zoothera neilgherriensis,Nilgiri Thrush,NT,NITH,Forest,Tropical Forest,Forest,NA,NA,NA,NA,NA,NA,NA,NA,NA,NA,NA,NA,NA,1,NA,1,NA,NA,NA,NA,NA,NA,NA,NA,NA,NA,NA,NA,NA,NA,NA,NA,NA,NA,NA,NA,NA,NA,NA,30.8,20,5,7.6,28.4,128.8,33.5,95.2,26,89.5,134.1,Carnivore,Invertivore,Generalist
Columba elphinstonii,Nilgiri Wood-Pigeon,NWP,NWPI,Forest,Tropical Forest,Forest,NA,NA,NA,NA,NA,NA,NA,NA,NA,NA,NA,NA,NA,1,NA,1,1,NA,NA,NA,NA,NA,NA,NA,NA,NA,NA,NA,NA,NA,NA,NA,NA,NA,NA,NA,NA,NA,NA,25.6,12.2,4.9,5.8,26.9,207.6,70.6,138.2,33.8,151.5,379,Herbivore,Frugivore,Insessorial
Anthus hodgsoni,Olive-backed Pipit,NA,OBPI,Grassland,None,Grassland,NA,NA,1,NA,NA,NA,NA,NA,NA,NA,1,NA,NA,NA,NA,NA,NA,NA,NA,NA,1,NA,NA,NA,NA,NA,NA,NA,NA,NA,NA,NA,NA,NA,NA,NA,NA,NA,NA,14.1,7.9,3.4,3.4,20.2,81,20.8,59.5,25.9,58.4,21.3,Carnivore,Invertivore,Terrestrial
Pernis ptilorhynchus,Oriental Honey-buzzard,OHB,OHBU,Forest,Wooded Habitat,Forest,NA,NA,1,NA,NA,NA,NA,NA,NA,1,NA,NA,NA,1,NA,NA,1,1,NA,NA,NA,NA,NA,NA,NA,NA,NA,NA,NA,NA,NA,NA,NA,NA,NA,NA,NA,NA,NA,55.9,21.4,13.1,15.4,49,413.6,130.7,278.6,32,263.8,1141.1,Carnivore,Invertivore,Insessorial
Geokichla citrina,Orange-headed Thrush,OHT,OHTH,Forest,Wooded Habitat,Forest,NA,NA,1,NA,NA,NA,NA,NA,NA,NA,NA,NA,NA,1,1,NA,1,NA,1,1,1,NA,NA,NA,NA,NA,NA,NA,NA,NA,NA,NA,NA,NA,NA,NA,NA,NA,NA,21.7,13.2,4.7,5.9,31.1,118.2,33.3,79.2,29.6,73.4,53.3,Omnivore,Omnivore,Generalist
Copsychus saularis,Oriental-Magpie Robin,OMR,OMRO,Generalist,None,Generalist,NA,NA,1,1,NA,NA,NA,NA,NA,1,NA,NA,NA,NA,NA,NA,1,NA,NA,NA,NA,NA,NA,NA,NA,NA,NA,NA,NA,NA,NA,NA,NA,NA,NA,NA,NA,NA,NA,23.2,15,5.4,5.8,29.5,97.5,18.7,79.2,19.1,84,36,Carnivore,Invertivore,Terrestrial
Pericrocotus flammeus,Orange Minivet,OM ,ORMI,Forest,Tropical Forest,Forest,NA,NA,NA,NA,NA,NA,NA,NA,NA,NA,NA,NA,NA,1,NA,NA,1,NA,NA,NA,NA,NA,NA,NA,NA,NA,NA,NA,NA,NA,NA,NA,NA,NA,NA,NA,NA,NA,NA,17.2,10.3,5.6,5.4,15.9,87.8,23.9,64,27.2,92,23.3,Carnivore,Invertivore,Insessorial
Alauda gulgula,Oriental Skylark,NA,ORSK,Grassland,None,Grassland,NA,1,NA,NA,1,NA,NA,NA,NA,NA,NA,NA,NA,NA,NA,NA,NA,NA,NA,NA,NA,NA,NA,NA,NA,NA,NA,NA,NA,NA,NA,NA,1,NA,NA,NA,NA,NA,NA,14.8,9.7,4.3,4.6,23.3,86.4,23.7,62.6,27.5,52.2,26.3,Omnivore,Omnivore,Terrestrial
Circus macrourus,Pallid Harrier,NA,PAHA,Grassland,Grassland,Grassland,NA,1,NA,NA,1,NA,NA,NA,NA,NA,NA,NA,NA,NA,NA,NA,NA,NA,NA,NA,NA,NA,NA,NA,NA,NA,NA,NA,NA,NA,NA,NA,NA,NA,NA,NA,NA,NA,NA,29.5,15,9.7,12.7,68,351.2,185,168.4,52.4,226.6,384.4,Carnivore,Vertivore,Aerial
Anthus rufulus,Paddyfield Pipit,NA,PAPI,Grassland,Grassland,Grassland,1,1,NA,NA,1,NA,NA,1,NA,NA,NA,NA,NA,NA,NA,NA,NA,NA,NA,NA,NA,NA,1,NA,NA,NA,NA,NA,NA,NA,NA,1,NA,NA,NA,NA,NA,NA,NA,15,8.6,3.3,3.5,25.1,77.4,16.7,60.5,21.6,56.4,20.4,Carnivore,Invertivore,Terrestrial
Galloperdix lunulata,Painted Spurfowl,NA,PASP,Forest,Wooded Habitat,Rocky Mountains,NA,NA,NA,NA,NA,NA,NA,NA,NA,1,NA,NA,1,NA,1,NA,NA,NA,NA,NA,NA,NA,NA,NA,NA,NA,NA,NA,NA,NA,NA,NA,NA,NA,NA,NA,NA,NA,NA,20.4,10.3,5.6,6.1,37.6,145.5,26.6,118.8,18.3,96.8,254.4,Herbivore,Omnivore,Terrestrial
Dicaeum erythrorhynchos,Pale-Billed Flowerpecker,PBF,PBFL,Generalist,None,Generalist,NA,NA,1,1,NA,NA,NA,NA,NA,1,NA,NA,NA,NA,NA,NA,1,NA,NA,NA,NA,NA,NA,NA,NA,NA,NA,NA,NA,NA,NA,NA,NA,1,NA,NA,NA,NA,NA,11.4,7.4,2.5,2.9,12.1,48.4,10.2,38.3,21,23.2,6.3,Herbivore,Frugivore,Insessorial
Perdicula erythrorhyncha,Painted Bush Quail,PBQ,PBQU,Grassland,Grassland and Scrub,Grassland,NA,NA,NA,NA,NA,1,NA,1,NA,NA,1,NA,NA,NA,NA,NA,NA,NA,NA,NA,NA,NA,NA,NA,NA,NA,NA,NA,NA,NA,NA,NA,NA,NA,NA,NA,NA,NA,NA,14.5,7.8,4.8,5.2,24.4,83.2,13.6,68.1,16.6,41.6,67.6,Herbivore,Granivore,Terrestrial
Falco peregrinus,Peregrine Falcon,NA,PEFA,Generalist,None,Generalist,NA,NA,NA,1,1,NA,NA,1,NA,NA,NA,NA,NA,NA,NA,NA,NA,NA,1,NA,1,NA,NA,NA,NA,1,NA,NA,NA,NA,NA,1,NA,NA,NA,NA,NA,NA,NA,31.1,18.4,13.7,15.4,45.1,314.7,165,152.6,52.2,143,760,Carnivore,Vertivore,Aerial
Psittacula cyanocephala,Plum-headed Parakeet,PHP,PHPA,Forest,Forest,Forest,NA,NA,NA,NA,NA,NA,NA,NA,NA,1,NA,NA,NA,NA,NA,NA,1,NA,1,NA,1,NA,NA,NA,NA,NA,NA,NA,NA,NA,NA,NA,NA,NA,NA,NA,NA,NA,NA,21.4,17.6,11.6,17.1,12.5,127.1,64.6,62.5,50.8,197.1,66,Herbivore,Frugivore,Insessorial
Saxicola caprata,Pied Bushchat,PBC,PIBU,Grassland,None,Grassland,NA,1,1,1,NA,1,1,1,NA,NA,1,NA,NA,NA,NA,NA,NA,NA,NA,NA,NA,NA,NA,NA,NA,NA,NA,NA,NA,NA,NA,NA,NA,NA,NA,NA,NA,NA,NA,14.9,7.7,3.6,3.8,20.9,70.1,10.7,59.7,15.1,51.5,15.2,Carnivore,Invertivore,Insessorial
Clamator jacobinus,Pied Cuckoo,NA,PICU,Forest,None,Forest,NA,NA,1,NA,NA,NA,NA,NA,NA,1,NA,1,NA,NA,NA,NA,NA,NA,NA,NA,NA,NA,NA,NA,NA,NA,NA,NA,NA,NA,NA,1,NA,NA,NA,NA,NA,NA,NA,24.7,15.6,6.8,7.9,28.7,145.2,50.6,92.9,35.2,160.8,79.4,Carnivore,Invertivore,Insessorial
Geokichla wardii,Pied Thrush,NA,PITH,Forest,Wooded Habitat,Forest,NA,NA,1,NA,NA,NA,NA,NA,NA,NA,NA,NA,NA,1,NA,NA,NA,NA,1,1,NA,NA,NA,NA,NA,NA,NA,NA,NA,NA,NA,NA,NA,NA,NA,NA,NA,NA,NA,24.7,15.5,5,5.6,27.2,113.6,37.5,74.2,33.7,77,58.6,Omnivore,Invertivore,Generalist
Prinia inornata,Plain Prinia,NA,PLPR,Grassland,None,Grassland,NA,1,NA,NA,1,NA,NA,NA,1,1,NA,1,1,NA,1,NA,NA,NA,NA,NA,NA,NA,NA,NA,NA,NA,NA,NA,NA,NA,NA,NA,NA,1,NA,NA,NA,NA,NA,12.2,6.7,2.3,2.6,18.1,50.4,7.2,43.4,14.2,70.8,7,Carnivore,Invertivore,Generalist
Pellorneum ruficeps,Puff-throated Babbler,PTB,PTBA,Forest,Wooded Habitat,Forest,NA,NA,1,NA,NA,NA,NA,NA,NA,1,NA,NA,NA,1,1,NA,1,NA,NA,NA,NA,NA,NA,NA,NA,NA,NA,NA,NA,NA,NA,NA,NA,NA,NA,NA,NA,NA,NA,17.2,9.7,3.1,4.2,25.8,69,6.2,65.1,8.6,66.4,26,Carnivore,Invertivore,Terrestrial
Cinnyris asiaticus,Purple Sunbird,PS,PUSU,Generalist,None,Generalist,NA,NA,1,1,NA,NA,NA,NA,NA,1,NA,1,NA,NA,NA,NA,NA,NA,NA,NA,NA,NA,NA,NA,NA,NA,NA,NA,NA,NA,NA,NA,NA,NA,NA,NA,NA,NA,NA,20.3,15,3.7,3.2,14.6,55,11.3,43.7,20.6,35.1,8.1,Omnivore,Omnivore,Insessorial
Coturnix coromandelica,Rain Quail,NA,RAQU,Grassland,Grassland,Grassland,NA,1,NA,NA,1,NA,NA,NA,NA,NA,NA,NA,NA,NA,NA,NA,NA,NA,NA,NA,NA,NA,NA,NA,NA,NA,NA,NA,NA,NA,NA,NA,NA,NA,NA,NA,NA,NA,NA,13.6,7,4.7,4.8,23.1,88.2,32,56.3,36.2,28.5,73.8,Herbivore,Granivore,Terrestrial
Lophotriorchis kienerii,Rufous-Bellied Eagle,RBE,RBEA,Forest,Tropical Forest,Forest,NA,NA,NA,NA,NA,NA,NA,NA,NA,NA,NA,NA,NA,1,NA,NA,1,NA,NA,NA,NA,NA,NA,NA,NA,NA,NA,NA,NA,NA,NA,NA,NA,NA,NA,NA,NA,NA,NA,46.1,20.5,11.9,17.2,53.5,366.2,127.6,227.5,35.9,216.3,799,Carnivore,Vertivore,Aerial
Ficedula parva,Red-breasted Flycatcher,NA,RBFL,Forest,Wooded Habitat,Forest,NA,NA,1,NA,NA,NA,NA,NA,NA,NA,NA,NA,NA,1,NA,NA,1,NA,NA,NA,NA,NA,NA,NA,NA,NA,NA,NA,NA,NA,NA,NA,NA,NA,NA,NA,NA,NA,NA,12.8,6.5,3.5,2.9,15.4,67,17,50.1,25.3,52.8,10.8,Carnivore,Invertivore,Insessorial
Amandava amandava,Red Avadavat,RA,REAV,Grassland,Grassland and Scrub,Grassland,NA,1,NA,NA,NA,NA,1,NA,1,NA,NA,1,NA,NA,NA,NA,NA,NA,NA,NA,NA,NA,NA,NA,NA,NA,NA,NA,NA,NA,NA,NA,NA,NA,NA,NA,NA,NA,NA,9.5,6.2,4.1,5.2,12.8,47.4,6.3,40.6,13.5,39.8,9,Herbivore,Granivore,Generalist
Galloperdix spadicea,Red Spurfowl,RS,RESP,Forest,Forest,Forest,NA,NA,NA,NA,NA,NA,NA,NA,NA,1,NA,NA,NA,1,1,NA,1,NA,NA,NA,NA,NA,NA,NA,NA,NA,NA,NA,NA,NA,NA,NA,NA,NA,NA,NA,NA,NA,NA,21,10.3,5.8,6,41.8,144.8,27.3,116.2,19,117.8,359.1,Herbivore,Omnivore,Terrestrial
Sarcogyps calvus,Red-headed Vulture,NA,RHVU,Forest,Forest,Grassland,NA,1,NA,NA,NA,NA,NA,NA,NA,1,NA,NA,NA,NA,NA,NA,NA,NA,NA,NA,NA,NA,NA,NA,NA,NA,NA,NA,NA,NA,NA,NA,NA,NA,NA,NA,NA,NA,NA,68.5,46.9,23,33.9,115,570,252.8,322,44,229.2,4469.9,Scavenger,Scavenger,Terrestrial
Anthus richardi,Richard's Pipit,NA,RIPI,Grassland,Grassland,Grassland,1,1,NA,NA,1,NA,NA,NA,NA,NA,NA,NA,NA,NA,NA,NA,NA,NA,NA,NA,NA,NA,1,NA,NA,NA,NA,NA,NA,NA,NA,NA,NA,NA,NA,NA,NA,NA,NA,18,11.3,4,4.3,29.2,92,26.6,64.3,29.3,71.6,32.2,Carnivore,Invertivore,Terrestrial
Columba livia,Rock Pigeon,RP,ROPI,Generalist,None,Generalist,NA,NA,NA,1,NA,NA,NA,NA,NA,NA,NA,NA,NA,NA,NA,NA,NA,NA,NA,NA,NA,NA,NA,NA,NA,NA,NA,NA,NA,NA,NA,NA,1,NA,NA,NA,NA,NA,NA,23.2,12.1,4.3,5,26.5,219.6,98.8,120.4,45.1,105.5,354.2,Herbivore,Granivore,Terrestrial
Pastor roseus,Rosy Starling,NA,ROST,Generalist,None,Generalist,NA,1,1,1,NA,NA,NA,NA,NA,NA,NA,1,NA,NA,NA,NA,NA,NA,NA,NA,NA,NA,1,NA,NA,NA,NA,NA,NA,NA,NA,NA,NA,NA,NA,NA,NA,NA,NA,23,14.5,5.2,6.3,30.1,128.9,47.5,81.6,36.8,71,73,Omnivore,Omnivore,Insessorial
Psittacula krameri,Rose-Ringed Parakeet,RRP,RRPA,Generalist,None,Generalist,NA,NA,1,1,NA,NA,NA,NA,NA,1,NA,NA,NA,NA,NA,NA,1,NA,NA,NA,NA,NA,NA,NA,NA,NA,NA,NA,NA,NA,NA,NA,NA,NA,NA,NA,NA,NA,NA,25.4,22.7,14.4,20.8,13.8,155.8,75.3,82.2,47.7,215.2,116.1,Herbivore,Omnivore,Insessorial
Ficedula ruficauda,Rusty-tailed Flycatcher,NA,RTFL,Forest,Forest,Forest,NA,NA,NA,NA,NA,NA,NA,NA,NA,NA,NA,NA,NA,1,NA,NA,1,NA,NA,NA,1,NA,NA,NA,NA,NA,NA,NA,NA,NA,NA,NA,NA,NA,NA,NA,NA,NA,NA,13.4,7.5,4,3.4,14.3,75.1,17.6,57.5,23.4,55.2,13.3,Carnivore,Invertivore,Insessorial
Argya subrufa,Rufous Babbler,RB,RUBA,Forest,None,Forest,NA,NA,NA,NA,NA,NA,NA,NA,NA,NA,NA,NA,NA,NA,NA,NA,NA,NA,NA,NA,NA,NA,NA,NA,NA,NA,NA,NA,NA,NA,NA,NA,NA,NA,NA,NA,NA,NA,NA,20.4,12.1,4.6,7.1,32.3,89.6,6.3,83.4,7,112.6,66.7,Carnivore,Invertivore,Generalist
Micropternus brachyurus,Rufous Woodpecker,NA,RUWO,Forest,Wooded Habitat,Forest,NA,NA,1,NA,NA,NA,NA,NA,NA,1,NA,NA,NA,1,1,NA,1,NA,NA,NA,NA,NA,NA,NA,NA,NA,NA,NA,NA,NA,NA,NA,NA,NA,NA,NA,NA,NA,NA,28,19.4,7.5,7.9,20,118.2,20.9,96.2,17.9,66,85.9,Carnivore,Invertivore,Insessorial
Pycnonotus cafer,Red-vented Bulbul,RVB,RVBU,Generalist,None,Generalist,NA,NA,1,1,NA,NA,NA,NA,NA,1,NA,1,NA,NA,NA,NA,NA,NA,NA,NA,NA,NA,NA,NA,NA,NA,NA,NA,NA,NA,NA,NA,NA,NA,NA,NA,NA,NA,NA,19.4,10.5,4.8,5.3,21.3,94.5,15.7,78.8,16.5,86.2,42.9,Herbivore,Omnivore,Insessorial
Pycnonotus jocosus,Red-whiskered Bulbul,RWB,RWBU,Generalist,None,Generalist,NA,NA,1,1,NA,NA,NA,NA,NA,NA,NA,NA,NA,NA,NA,NA,1,NA,NA,NA,NA,NA,NA,NA,NA,NA,NA,NA,NA,NA,NA,NA,NA,NA,NA,NA,NA,NA,NA,17.5,9.1,4.5,4.8,20.5,86.8,12.4,74.8,14.2,88.1,29.5,Herbivore,Omnivore,Insessorial
Vanellus indicus,Red-wattled Lapwing,RWL,RWLA,Grassland,None,Grassland,1,1,1,1,1,NA,1,NA,NA,NA,NA,NA,1,NA,NA,NA,NA,NA,NA,NA,NA,NA,1,NA,NA,1,NA,NA,NA,NA,NA,1,NA,NA,NA,NA,NA,NA,NA,34.7,19.1,5.3,5.4,74.2,208.8,90.6,119,43.2,104,181,Carnivore,Invertivore,Terrestrial
Rhipidura albogularis,Spot-breasted Fantail,NA,SBFA,Forest,Wooded Habitat,Forest,NA,NA,1,NA,NA,NA,NA,NA,NA,1,NA,NA,NA,NA,NA,NA,1,NA,NA,NA,NA,NA,NA,NA,NA,NA,NA,NA,NA,NA,NA,NA,NA,NA,NA,NA,NA,NA,NA,12.9,5.8,3.9,2.6,17.9,75.2,12.2,63,16.2,94.5,12.9,Carnivore,Invertivore,Insessorial
Lonchura punctulata,Scaly-breasted Munia,NA,SBMU,Generalist,None,Generalist,NA,1,1,1,NA,NA,NA,NA,NA,1,NA,NA,NA,NA,NA,NA,NA,NA,NA,NA,NA,NA,NA,NA,NA,NA,NA,NA,NA,NA,NA,NA,NA,NA,NA,NA,NA,NA,NA,11.8,8.8,6.7,7.5,14,52.6,11.9,42.4,22,39,13.6,Herbivore,Granivore,Generalist
Accipiter badius,Shikra,SKR,SHIK,Generalist,None,Generalist,NA,NA,1,1,NA,NA,NA,NA,NA,1,NA,NA,NA,NA,NA,NA,NA,NA,NA,NA,NA,NA,NA,NA,NA,NA,NA,NA,NA,NA,NA,NA,NA,NA,NA,NA,NA,NA,NA,20.6,12.1,8.8,11.6,43,186.7,62.5,127.4,32.9,140.6,131.2,Carnivore,Vertivore,Insessorial
Gracula indica,Southern Hill Myna,SHM,SHMY,Forest,Wooded Habitat,Forest,NA,NA,1,NA,NA,NA,NA,NA,NA,NA,NA,NA,NA,1,NA,NA,1,NA,NA,NA,NA,NA,NA,NA,NA,NA,NA,NA,NA,NA,NA,NA,NA,NA,NA,NA,NA,NA,NA,29.8,18.1,7.7,8.8,31.7,138.9,33.6,105.3,24.2,64.7,192,Herbivore,Frugivore,Insessorial
Taccocua leschenaultii,Sirkeer Malkoha,NA,SIMA,Forest,Scrub,Forest,NA,NA,NA,NA,NA,NA,NA,NA,NA,1,NA,1,NA,NA,NA,NA,NA,NA,NA,NA,NA,NA,NA,NA,NA,NA,NA,NA,NA,NA,NA,1,NA,NA,NA,NA,NA,NA,NA,31.6,16.4,6.8,11.4,39.5,163,18.7,147.8,11.2,240.1,174.7,Carnivore,Invertivore,Terrestrial
Pericrocotus cinnamomeus,Small Minivet,NA,SMMI,Forest,Wooded Habitat,Forest,NA,NA,1,NA,NA,NA,NA,NA,NA,1,NA,1,NA,NA,NA,NA,NA,NA,NA,NA,NA,NA,NA,NA,NA,NA,NA,NA,NA,NA,NA,NA,NA,NA,NA,NA,NA,NA,NA,13,7,4,3.5,15.3,67.2,17.4,49.7,25.9,68.3,8.6,Carnivore,Invertivore,Insessorial
Streptopelia chinensis,Spotted Dove,SD,SPDO,Generalist,None,Generalist,NA,1,1,1,NA,NA,NA,NA,NA,1,NA,NA,NA,NA,NA,NA,1,NA,NA,NA,NA,NA,NA,NA,NA,NA,NA,NA,NA,NA,NA,NA,NA,NA,NA,NA,NA,NA,NA,19.4,9.9,3.2,3.4,21.1,137.7,42.6,94.9,31,127.2,159,Herbivore,Granivore,Terrestrial
Picumnus innominatus,Speckled Piculet,NA,SPPI,Forest,Forest,Forest,NA,NA,NA,NA,NA,NA,NA,NA,NA,NA,NA,NA,NA,1,NA,NA,1,1,1,1,1,NA,NA,NA,NA,NA,NA,NA,NA,NA,NA,NA,NA,NA,NA,NA,NA,NA,NA,12.1,9.2,4.5,4.6,12,53.4,5.7,47.1,10.7,29.4,10.2,Carnivore,Invertivore,Insessorial
Hypsipetes ganeesa,Square-tailed Bulbul,STB,STBU,Forest,Wooded Habitat,Forest,NA,NA,NA,NA,NA,NA,NA,NA,NA,NA,NA,NA,NA,NA,NA,NA,NA,NA,NA,NA,NA,NA,NA,NA,NA,NA,NA,NA,NA,NA,NA,NA,NA,NA,NA,NA,NA,NA,NA,26.9,16.1,5.2,5.8,17.9,116.2,27,89.2,23.3,99.5,51.8,Herbivore,Frugivore,Insessorial
Circaetus gallicus,Short-toed Snake-Eagle,NA,STSE,Grassland,Grassland and Scrub,Grassland,NA,NA,NA,NA,1,1,NA,1,NA,1,1,1,1,NA,NA,NA,NA,NA,NA,NA,NA,NA,NA,NA,NA,NA,NA,NA,NA,NA,NA,NA,NA,NA,NA,NA,NA,NA,NA,47,35,15.5,24.6,90.9,537,216.8,320.2,40.5,280.4,1699.1,Carnivore,Vertivore,Aerial
Picus xanthopygaeus,Streak-throated Woodpecker,STW,STWO,Forest,Wooded Habitat,Forest,NA,NA,1,NA,NA,NA,NA,NA,NA,1,NA,NA,NA,NA,NA,NA,1,NA,1,NA,1,NA,NA,NA,NA,NA,NA,NA,NA,NA,NA,NA,NA,NA,NA,NA,NA,NA,NA,33,24.5,7.6,8.3,24.9,129.8,29,100.8,22.4,90.2,99.7,Carnivore,Invertivore,Generalist
Iduna rama,Sykes's Warbler,NA,SYWA,Forest,Wooded Habitat,Grassland,NA,NA,NA,NA,NA,NA,NA,NA,NA,1,NA,1,1,NA,NA,NA,NA,NA,NA,NA,NA,NA,NA,NA,NA,NA,NA,NA,NA,NA,NA,1,NA,NA,NA,NA,NA,NA,NA,17.8,8.7,3.1,2.6,18.5,60.6,11.2,49.9,18.3,52,9.3,Carnivore,Invertivore,Insessorial
Dumetia hyperythra,Tawny-bellied Babbler,NA,TBBA,Grassland,None,Grassland,NA,NA,1,NA,1,NA,NA,NA,NA,1,NA,1,NA,NA,NA,NA,1,NA,NA,NA,NA,NA,NA,NA,NA,NA,NA,NA,NA,NA,NA,NA,NA,NA,NA,NA,NA,NA,NA,12.7,7.3,2.2,3.7,17.6,54.8,3.9,50.9,7,60,12.9,Carnivore,Invertivore,Terrestrial
Cyornis tickelliae,Tickell's Blue Flycatcher,TBF,TBFL,Forest,Wooded Habitat,Forest,NA,NA,1,NA,NA,NA,NA,NA,NA,1,NA,NA,NA,NA,NA,NA,1,NA,NA,NA,NA,NA,NA,NA,NA,NA,NA,NA,NA,NA,NA,NA,NA,NA,NA,NA,NA,NA,NA,14.5,8.6,4.2,3.5,17.3,72.2,13.6,58,19,61.6,16.2,Carnivore,Invertivore,Insessorial
Dicaeum agile,Thick-billed Flowerpecker,NA,TBFP,Forest,None,Forest,NA,NA,1,1,NA,NA,NA,NA,NA,1,NA,NA,NA,1,NA,NA,1,NA,NA,NA,NA,NA,NA,NA,NA,NA,NA,NA,NA,NA,NA,NA,NA,NA,NA,NA,NA,NA,NA,10.5,6.3,3.7,4.3,14.6,61.6,15.5,46.3,25.1,31.1,9,Herbivore,Frugivore,Insessorial
Phylloscopus affinis,Tickell's Leaf Warbler,TLW,TLWA,Forest,None,Forest,NA,1,1,NA,NA,NA,NA,NA,NA,NA,NA,NA,NA,NA,NA,NA,NA,NA,NA,NA,1,NA,NA,NA,NA,NA,NA,NA,NA,NA,NA,NA,1,NA,NA,NA,NA,NA,NA,9.6,6,2.8,2.1,18,59.8,8.9,50.9,14.8,43.2,7,Carnivore,Invertivore,Insessorial
Phylloscopus tytleri,Tytler's Leaf Warbler,NA,TYLW,Forest,Wooded Habitat,Forest,NA,NA,1,NA,NA,NA,NA,NA,NA,NA,NA,NA,NA,1,NA,1,1,NA,1,NA,1,NA,NA,NA,NA,NA,NA,NA,NA,NA,NA,NA,NA,NA,NA,NA,NA,NA,NA,12.4,6.6,2.3,2.2,17.5,58.1,10.4,47,18.1,42.2,7.2,Carnivore,Invertivore,Insessorial
Eumyias thalassinus,Verditer Flycatcher,NA,VEFL,Forest,Wooded Habitat,Forest,NA,NA,1,NA,NA,NA,NA,NA,NA,1,NA,NA,NA,NA,NA,NA,1,1,1,1,1,NA,NA,NA,NA,NA,NA,NA,NA,NA,NA,NA,NA,NA,NA,NA,NA,NA,NA,12,7.6,5,3.3,13.8,76.2,15.7,59.5,20.9,61,18.1,Carnivore,Invertivore,Insessorial
Sitta frontalis,Velvet-fronted Nuthatch,VFN,VFNU,Forest,Wooded Habitat,Forest,NA,NA,1,NA,NA,NA,NA,NA,NA,NA,NA,NA,NA,1,1,NA,1,NA,NA,NA,1,NA,NA,NA,NA,NA,NA,NA,NA,NA,NA,NA,NA,1,NA,NA,NA,NA,NA,14.3,9.2,3.6,3.4,16,72.7,16.7,55.7,23,38,16.5,Carnivore,Invertivore,Insessorial
Loriculus vernalis,Vernal Hanging-Parrot,VHP,VHPA,Forest,Wooded Habitat,Forest,NA,NA,1,NA,NA,NA,NA,NA,NA,1,NA,NA,NA,1,NA,NA,1,NA,NA,NA,NA,NA,NA,NA,NA,NA,NA,NA,NA,NA,NA,NA,NA,NA,NA,NA,NA,NA,NA,13.5,10.5,5.6,8.9,9.9,86.8,39,46.5,45.6,36.4,35.7,Herbivore,Frugivore,Insessorial
Pterorhinus delesserti,Wayanad Laughingthrush,WLT,WALA,Forest,Tropical Forest,Forest,NA,NA,NA,NA,NA,NA,NA,NA,NA,NA,NA,NA,NA,NA,NA,NA,NA,NA,NA,NA,NA,NA,NA,NA,NA,NA,NA,NA,NA,NA,NA,NA,NA,NA,NA,NA,NA,NA,NA,29,18.1,6.2,7.2,37.3,106.7,5.8,101.3,5.4,104,78,Carnivore,Invertivore,Terrestrial
Cyornis pallidipes,White-bellied Blue Flycatcher,NA,WBBF,Forest,Tropical Forest,Forest,NA,NA,NA,NA,NA,NA,NA,NA,NA,NA,NA,NA,NA,1,NA,1,1,NA,NA,NA,NA,NA,NA,NA,NA,NA,NA,NA,NA,NA,NA,NA,NA,NA,NA,NA,NA,NA,NA,15.9,9.9,4.6,3.9,17.7,72.9,10.8,61.3,15,62.6,19,Omnivore,Invertivore,Insessorial
Dicrurus caerulescens,White-bellied Drongo,NA,WBDR,Forest,Wooded Habitat,Forest,NA,NA,1,NA,NA,NA,NA,NA,NA,1,NA,NA,NA,NA,1,NA,NA,NA,NA,NA,NA,NA,NA,NA,NA,NA,NA,NA,NA,NA,NA,NA,NA,NA,NA,NA,NA,NA,NA,24.6,15.7,8.7,8,18,118.9,32.1,86.8,27,115,40,Carnivore,Invertivore,Insessorial
Rhipidura aureola,White-browed Fantail,NA,WBFA,Forest,Wooded Habitat,Forest,NA,NA,1,NA,NA,NA,NA,NA,NA,1,NA,1,NA,NA,NA,NA,NA,NA,NA,NA,NA,NA,NA,NA,NA,NA,NA,NA,NA,NA,NA,NA,NA,NA,NA,NA,NA,NA,NA,14.5,6.8,4.3,3.4,17.8,82.4,17.4,65,21.2,84.8,11.2,Carnivore,Invertivore,Insessorial
Amaurornis phoenicurus,White-breasted Waterhen,WBWH,WBWA,Wetland,None,Wetland,1,NA,1,1,NA,NA,1,NA,1,1,NA,1,NA,NA,NA,NA,1,NA,NA,NA,NA,NA,1,NA,NA,1,NA,NA,NA,NA,NA,NA,NA,1,NA,NA,NA,NA,NA,37.1,18.6,4.4,8.8,50.8,147,33.7,111.5,23.2,57.6,180,Carnivore,Aquatic predator,Terrestrial
Dryocopus javensis,White-bellied Woodpecker,NA,WBWO,Forest,Tropical Forest,Forest,NA,NA,NA,NA,NA,NA,NA,NA,NA,NA,NA,NA,NA,1,NA,NA,1,NA,NA,NA,NA,NA,NA,NA,NA,NA,NA,NA,NA,NA,NA,NA,NA,NA,NA,NA,NA,NA,NA,56.5,43.4,14.6,12.8,33.7,219.4,49,173.5,22,161,271.4,Carnivore,Invertivore,Insessorial
Motacilla maderaspatensis,White-browed Wagtail,WBWT,WBWT,Generalist,None,Generalist,NA,1,NA,1,NA,NA,NA,NA,NA,NA,NA,NA,NA,NA,NA,NA,NA,NA,NA,NA,NA,NA,NA,NA,NA,1,NA,NA,NA,NA,NA,NA,NA,NA,NA,NA,1,NA,NA,18.8,11.8,3.7,4.1,25.8,97.1,24.8,71.6,25.6,105.4,30.5,Carnivore,Invertivore,Terrestrial
Psilopogon viridis,White-cheeked Barbet,WCB,WCBA,Forest,None,Forest,NA,NA,1,1,NA,NA,NA,NA,NA,1,NA,NA,NA,1,NA,NA,1,NA,NA,NA,NA,NA,NA,NA,NA,NA,NA,NA,NA,NA,NA,NA,NA,NA,NA,NA,NA,NA,NA,25.2,18.3,8.6,11.5,26.2,104.2,21.8,83.5,20.7,63,80.5,Herbivore,Frugivore,Insessorial
Phylloscopus occipitalis,Western Crowned Warbler,NA,WCWA,Forest,Wooded Habitat,Forest,NA,NA,1,NA,NA,NA,NA,NA,NA,NA,NA,NA,NA,1,NA,NA,1,NA,1,NA,1,NA,NA,NA,NA,NA,NA,NA,NA,NA,NA,NA,NA,NA,NA,NA,NA,NA,NA,12.9,7.7,3.4,2.8,16.7,63.4,12.3,50.7,19.4,49.6,9,Carnivore,Invertivore,Insessorial
Motacilla alba,White Wagtail,NA,WHWA,Wetland,Wetland,Wetland,1,NA,NA,NA,NA,NA,NA,NA,NA,NA,NA,NA,NA,NA,NA,NA,NA,NA,NA,NA,NA,NA,1,NA,NA,1,NA,NA,NA,NA,NA,NA,NA,NA,NA,NA,1,NA,NA,16.1,9.7,3.4,3.5,23.4,87,27.4,59.7,31.4,86.8,23.9,Carnivore,Invertivore,Terrestrial
Chrysocolaptes festivus,White-naped Woodpecker,NA,WNWO,Forest,Scrub,Forest,NA,NA,NA,NA,NA,NA,NA,NA,NA,1,NA,1,NA,NA,NA,NA,NA,NA,NA,NA,NA,NA,NA,NA,NA,NA,NA,NA,NA,NA,NA,NA,NA,NA,NA,NA,NA,NA,NA,51.1,38.4,9.8,10.6,28.5,152.6,39.9,112.9,26.1,80,213,Carnivore,Invertivore,Insessorial
Gallinago nemoricola,Wood Snipe,NA,WOSN,Grassland,Grassland and Scrub,Forest,NA,NA,NA,NA,NA,NA,NA,NA,NA,NA,NA,NA,NA,NA,NA,NA,NA,NA,NA,NA,NA,NA,1,1,1,NA,NA,NA,NA,NA,NA,NA,NA,NA,NA,NA,NA,NA,NA,71.4,56.6,6.1,8.9,34.4,135,42.2,93.5,31.1,53.8,167.7,Carnivore,Aquatic predator,Terrestrial
Lonchura striata,White-rumped Munia,NA,WRMU,Grassland,None,Grassland,NA,1,1,NA,NA,NA,NA,NA,NA,1,NA,NA,NA,NA,NA,NA,NA,NA,NA,NA,NA,NA,NA,NA,NA,NA,NA,NA,NA,NA,NA,NA,NA,NA,NA,NA,NA,NA,NA,12,8.3,6.7,7.8,13.1,50.7,10.6,40.1,20.9,39.8,12.3,Herbivore,Granivore,Insessorial
Copsychus malabaricus,White-Rumped Shama,WRS,WRSH,Forest,Forest,Forest,NA,NA,NA,NA,NA,NA,NA,NA,NA,1,NA,NA,NA,1,1,NA,1,NA,NA,NA,NA,NA,NA,NA,NA,NA,NA,NA,NA,NA,NA,NA,NA,NA,NA,NA,NA,NA,NA,20.7,12.8,4.6,5.4,27,95.6,16.8,78.8,17.7,121.8,29.2,Carnivore,Invertivore,Insessorial
Halcyon smyrnensis,White-throated Kingfisher,WTK,WTKI,Wetland,None,Wetland,NA,1,1,1,NA,NA,NA,NA,NA,NA,NA,NA,NA,NA,NA,NA,NA,NA,NA,NA,NA,NA,NA,NA,NA,1,NA,NA,NA,NA,NA,NA,NA,1,NA,NA,NA,NA,NA,59.8,48.4,13.7,14.3,15,113.2,24.5,88.7,21.7,78.3,91.4,Carnivore,Omnivore,Insessorial
Motacilla flava,Western Yellow Wagtail,NA,WYWA,Grassland,Open Habitat,Grassland,1,1,NA,NA,1,NA,NA,NA,NA,NA,NA,NA,NA,NA,NA,NA,NA,NA,NA,NA,NA,NA,NA,NA,NA,1,NA,NA,NA,NA,NA,NA,NA,NA,NA,NA,NA,NA,NA,16,9.6,3.2,3.5,23.1,79.5,24.7,54.5,31.1,70.6,17.7,Carnivore,Invertivore,Terrestrial
Argya affinis,Yellow-billed babbler,NA,YBBA,Generalist,None,Generalist,NA,NA,NA,NA,NA,NA,NA,NA,NA,NA,NA,NA,NA,NA,NA,NA,NA,NA,NA,NA,NA,NA,NA,NA,NA,NA,NA,NA,NA,NA,NA,NA,NA,NA,NA,NA,NA,NA,NA,20.6,11.8,4.2,6.7,33.6,103.7,12.3,93.3,11.8,100.6,63.3,Omnivore,Invertivore,Generalist
Iole indica,Yellow-browed Bulbul,YBB,YBBU,Forest,Wooded Habitat,Forest,NA,NA,1,NA,NA,NA,NA,NA,NA,NA,NA,NA,NA,1,NA,1,1,NA,NA,NA,NA,NA,NA,NA,NA,NA,NA,NA,NA,NA,NA,NA,NA,NA,NA,NA,NA,NA,NA,20.1,12,4.8,4.9,18.2,88.2,13.7,73.9,15.7,80.8,30.6,Herbivore,Omnivore,Insessorial
Chrysomma sinense,Yellow-eyed Babbler,NA,YEBA,Grassland,Grassland and Scrub,Grassland,NA,NA,NA,NA,1,NA,NA,NA,NA,NA,NA,1,NA,NA,NA,NA,NA,NA,NA,NA,NA,NA,NA,NA,NA,NA,NA,NA,NA,NA,NA,NA,NA,NA,NA,NA,NA,NA,NA,13.8,8.7,3.7,5.3,25.3,65.1,6.3,58.8,9.6,81.8,17.2,Carnivore,Invertivore,Insessorial
Gymnoris xanthocollis,Yellow-throated Sparrow,YTS,YTSP,Forest,Wooded Habitat,Forest,NA,NA,NA,NA,NA,NA,NA,NA,NA,NA,NA,NA,NA,NA,NA,NA,NA,NA,NA,NA,NA,NA,NA,NA,NA,NA,NA,NA,NA,NA,NA,NA,NA,NA,NA,NA,NA,NA,NA,13.9,9.7,5.8,6.2,16.9,80.1,22.6,56.9,28.5,52.5,18.1,Herbivore,Granivore,Terrestrial
