scientific_name,common_name,species_code,eBird_codes,Habitat type,Habitat.Specialization.SoIB2022,Wet.Paddy.fields,Open.Areas,Groves.Gardens.and.Plantations,Habitation,Dry.Grassland,Hill.Grassland,Wet.Grassland,High.Altitude.Grassland,Reeds,Dry.Deciduous,Hill.Shrubland,Thorny.Scrub,Rocky.Scrub,Tropical.Rainforest,Bamboo.Forest,Shola.Forest,Moist.Deciduous,Subtropical.Montane.Forest,Mixed.Forest,Oak.Forest,Coniferous.Forest,Forest.Swamp,Short.Grass.Marshes,High.Shrubbery,High.Alpine,Inland.Water,Inland.Mudflats,Coastal.Mudflats,Beaches,Pelagic.Waters,Hot.Desert,Semi.Desert,Cold.Desert,Mangrove.Swamps,Salt.Pans,Lagoons,Rivers,High.Altitude.Lakes,Brackish.Backwaters
Muscicapa dauurica,Asian Brown Flycatcher,ABF,ABF,Wooded Habitat,Wooded Habitat,NA,NA,1,NA,NA,NA,NA,NA,NA,NA,NA,NA,NA,NA,NA,NA,1,NA,1,NA,NA,NA,NA,NA,NA,NA,NA,NA,NA,NA,NA,NA,NA,NA,NA,NA,NA,NA,NA
Chalcophaps indica,Asian Emerald Dove,AED,AEDO,Forest,Forest,NA,NA,NA,NA,NA,NA,NA,NA,NA,1,NA,NA,NA,1,NA,NA,1,NA,NA,NA,NA,NA,NA,NA,NA,NA,NA,NA,NA,NA,NA,NA,NA,NA,NA,NA,NA,NA,NA
Irena puella,Asian Fairy-bluebird,AFB,AFBL,Forest,Tropical Forest,NA,NA,NA,NA,NA,NA,NA,NA,NA,NA,NA,NA,NA,1,NA,NA,1,NA,NA,NA,NA,NA,NA,NA,NA,NA,NA,NA,NA,NA,NA,NA,NA,NA,NA,NA,NA,NA,NA
Apus melba,Alpine Swift,APS,ALSW,Forest,Forest,NA,NA,NA,NA,NA,NA,NA,NA,NA,1,NA,NA,NA,NA,NA,NA,1,NA,1,NA,NA,NA,NA,NA,NA,NA,NA,NA,NA,NA,NA,NA,NA,NA,NA,NA,NA,NA,NA
Dicrurus leucophaeus,Ashy Drongo,AD,ASDR,Wooded Habitat,Wooded Habitat,NA,NA,1,NA,NA,NA,NA,NA,NA,1,NA,NA,NA,1,NA,1,1,NA,1,NA,1,NA,NA,NA,NA,NA,NA,NA,NA,NA,NA,NA,NA,NA,NA,NA,NA,NA,NA
Eudynamys scolopaceus,Asian Koel,AK,ASKO,Generalist,None,NA,NA,1,1,NA,NA,NA,NA,NA,1,NA,NA,NA,NA,NA,NA,NA,NA,NA,NA,NA,NA,NA,NA,NA,NA,NA,NA,NA,NA,NA,NA,NA,NA,NA,NA,NA,NA,NA
Prinia socialis,Ashy Prinia,AP,ASPR,Generalist,None,NA,1,NA,1,1,NA,1,NA,1,1,NA,1,NA,NA,NA,NA,NA,NA,NA,NA,NA,NA,NA,NA,NA,NA,NA,NA,NA,NA,NA,NA,NA,1,NA,NA,NA,NA,NA
Artamus fuscus,Ashy Woodswallow,NA,ASWO,Generalist,None,NA,1,1,NA,NA,NA,NA,NA,NA,NA,NA,NA,NA,NA,NA,NA,NA,NA,NA,NA,NA,NA,NA,NA,NA,NA,NA,NA,NA,NA,NA,NA,NA,NA,NA,NA,NA,NA,NA
Ficedula nigrorufa,Black-and-orange Flycatcher,BAOF,BAOF,Wooded Habitat,Wooded Habitat,NA,NA,1,NA,NA,NA,NA,NA,NA,NA,NA,NA,NA,NA,NA,1,NA,NA,NA,NA,NA,NA,NA,NA,NA,NA,NA,NA,NA,NA,NA,NA,NA,NA,NA,NA,NA,NA,NA
Hirundo rustica,Barn Swallow,NA,BASW,Generalist,None,NA,1,NA,1,NA,NA,NA,NA,NA,NA,NA,NA,NA,NA,NA,NA,NA,NA,NA,NA,NA,NA,NA,NA,NA,1,NA,NA,NA,NA,NA,NA,NA,NA,NA,NA,1,NA,NA
Nyctyornis athertoni,Blue-bearded Bee-eater,BBBE,BBBE,Forest,Forest,NA,NA,NA,NA,NA,NA,NA,NA,NA,1,NA,NA,NA,1,NA,NA,1,NA,NA,NA,NA,NA,NA,NA,NA,NA,NA,NA,NA,NA,NA,NA,NA,NA,NA,NA,NA,NA,NA
Cacomantis sonneratii,Banded Bay Cuckoo,NA,BBCU,Wooded Habitat,Wooded Habitat,NA,NA,1,NA,NA,NA,NA,NA,NA,NA,NA,NA,NA,1,NA,NA,1,NA,NA,NA,NA,NA,NA,NA,NA,NA,NA,NA,NA,NA,NA,NA,NA,NA,NA,NA,NA,NA,NA
Hirundapus giganteus,Brown-backed Needletail,NA,BBNE,Forest,Tropical Forest,NA,NA,NA,NA,NA,NA,NA,NA,NA,NA,NA,NA,NA,1,NA,NA,1,NA,NA,NA,NA,NA,NA,NA,NA,NA,NA,NA,NA,NA,NA,NA,NA,NA,NA,NA,NA,NA,NA
Alcippe poioicephala,Brown-cheeked Fulvetta,BCF,BCFU,Forest,Tropical Forest,NA,NA,NA,NA,NA,NA,NA,NA,NA,NA,NA,NA,NA,1,1,NA,1,NA,NA,NA,NA,NA,NA,NA,NA,NA,NA,NA,NA,NA,NA,NA,NA,NA,NA,NA,NA,NA,NA
Yungipicus nanus,Brown-capped Pygmy Woodpecker,NA,BCPW,Wooded Habitat,Wooded Habitat,NA,NA,1,NA,NA,NA,NA,NA,NA,1,NA,NA,NA,NA,NA,NA,NA,NA,NA,NA,NA,NA,NA,NA,NA,NA,NA,NA,NA,NA,NA,NA,NA,NA,NA,NA,NA,NA,NA
Monticola cinclorhyncha,Blue-capped Rock-Thrush,NA,BCRT,Wooded Habitat,None,NA,NA,1,NA,NA,NA,NA,NA,NA,NA,1,NA,NA,1,NA,NA,1,NA,NA,1,1,NA,NA,NA,NA,NA,NA,NA,NA,NA,NA,NA,NA,NA,NA,NA,NA,NA,NA
Accipiter virgatus,Besra,NA,BESR,Forest,Forest,NA,NA,NA,NA,NA,NA,NA,NA,NA,NA,NA,NA,NA,1,NA,NA,1,1,1,NA,NA,NA,NA,NA,NA,NA,NA,NA,NA,NA,NA,NA,NA,NA,NA,NA,NA,NA,NA
Phaenicophaeus viridirostris,Blue-faced Malkoha,BFM,BFMA,Wooded Habitat,None,NA,NA,NA,NA,NA,NA,NA,NA,NA,1,NA,1,NA,NA,NA,NA,NA,NA,NA,NA,NA,NA,NA,NA,NA,NA,NA,NA,NA,NA,NA,NA,NA,NA,NA,NA,NA,NA,NA
Ketupa zeylonensis,Brown Fish-Owl,BFO,BFOW,Wooded Habitat,None,NA,NA,1,NA,NA,NA,NA,NA,NA,1,NA,NA,NA,1,NA,NA,1,NA,NA,NA,NA,NA,NA,NA,NA,1,NA,NA,NA,NA,NA,NA,NA,NA,NA,NA,1,NA,NA
Lalage melanoptera,Black-headed Cuckooshrike,NA,BHCU,Wooded Habitat,Wooded Habitat,NA,NA,1,NA,NA,NA,NA,NA,NA,1,NA,NA,NA,NA,NA,NA,1,NA,NA,NA,NA,NA,NA,NA,NA,NA,NA,NA,NA,NA,NA,NA,NA,NA,NA,NA,NA,NA,NA
Oriolus xanthornus,Black-hooded Oriole,NA,BHOR,Wooded Habitat,Wooded Habitat,NA,NA,1,NA,NA,NA,NA,NA,NA,1,NA,NA,NA,1,NA,NA,1,NA,NA,NA,NA,NA,NA,NA,NA,NA,NA,NA,NA,NA,NA,NA,NA,NA,NA,NA,NA,NA,NA
Aviceda leuphotes,Black Baza,NA,BLBA,Forest,Tropical Forest,NA,NA,NA,NA,NA,NA,NA,NA,NA,NA,NA,NA,NA,1,NA,NA,1,NA,NA,NA,NA,NA,NA,NA,NA,NA,NA,NA,NA,NA,NA,NA,NA,NA,NA,NA,NA,NA,NA
Dicrurus macrocercus,Black Drongo,BLD,BLDR,Grassland,Grassland and Scrub,NA,1,NA,NA,1,NA,NA,NA,NA,NA,NA,1,NA,NA,NA,NA,NA,NA,NA,NA,NA,NA,NA,NA,NA,NA,NA,NA,NA,NA,NA,NA,NA,NA,NA,NA,NA,NA,NA
Ictinaetus malaiensis,Black Eagle,BE,BLEA,Forest,Forest,NA,NA,NA,NA,NA,NA,NA,NA,NA,1,NA,NA,NA,1,NA,NA,1,1,1,1,NA,NA,NA,NA,NA,NA,NA,NA,NA,NA,NA,NA,NA,NA,NA,NA,NA,NA,NA
Milvus migrans,Black Kite,NA,BLKI,Generalist,None,NA,1,1,1,NA,NA,NA,NA,NA,NA,NA,NA,NA,NA,NA,NA,NA,NA,NA,NA,NA,NA,NA,NA,NA,NA,NA,NA,NA,NA,NA,NA,NA,NA,NA,NA,NA,NA,NA
Anthus godlewskii,Blyth's Pipit,NA,BLPI,Grassland,Grassland,1,1,NA,NA,1,NA,NA,NA,NA,NA,NA,NA,NA,NA,NA,NA,NA,NA,NA,NA,NA,NA,1,NA,NA,NA,NA,NA,NA,NA,NA,NA,NA,NA,NA,NA,NA,NA,NA
Aquila fasciata,Bonelli's Eagle,NA,BNEA,Generalist,None,NA,NA,NA,NA,NA,NA,NA,NA,NA,1,NA,NA,NA,NA,NA,NA,NA,NA,NA,NA,NA,NA,NA,NA,NA,NA,NA,NA,NA,NA,NA,NA,NA,NA,NA,NA,NA,NA,NA
Hypothymis azurea,Black-naped Monarch,BNM,BNMO,Wooded Habitat,Wooded Habitat,NA,NA,1,NA,NA,NA,NA,NA,NA,1,NA,NA,NA,1,1,NA,1,NA,NA,NA,NA,NA,NA,NA,NA,NA,NA,NA,NA,NA,NA,NA,NA,NA,NA,NA,NA,NA,NA
Oriolus chinensis,Black-naped Oriole,NA,BNOR,Wooded Habitat,Wooded Habitat,NA,NA,1,NA,NA,NA,NA,NA,NA,1,NA,NA,NA,1,NA,NA,1,NA,NA,NA,NA,NA,NA,NA,NA,NA,NA,NA,NA,NA,NA,NA,NA,NA,NA,NA,NA,NA,NA
Hieraaetus pennatus,Booted Eagle,BTE,BOEA,Wooded Habitat,None,NA,NA,1,NA,NA,NA,NA,NA,NA,NA,NA,NA,NA,NA,NA,NA,NA,NA,NA,NA,1,NA,NA,NA,NA,NA,NA,NA,NA,NA,NA,1,NA,NA,NA,NA,NA,NA,NA
Dicrurus aeneus,Bronzed Drongo,BD,BRDR,Forest,Forest,NA,NA,NA,NA,NA,NA,NA,NA,NA,1,NA,NA,NA,1,1,NA,1,NA,NA,NA,NA,NA,NA,NA,NA,NA,NA,NA,NA,NA,NA,NA,NA,NA,NA,NA,NA,NA,NA
Dinopium benghalense,Black-rumped Flameback,BRF,BRFL,Generalist,None,NA,NA,1,1,NA,NA,NA,NA,NA,1,NA,NA,NA,NA,NA,NA,1,NA,NA,NA,NA,NA,NA,NA,NA,NA,NA,NA,NA,NA,NA,NA,NA,NA,NA,NA,NA,NA,NA
Haliastur indus,Brahminy Kite,NA,BRKI,Generalist,Wetland,1,NA,NA,1,NA,NA,NA,NA,NA,NA,NA,NA,NA,NA,NA,NA,NA,NA,NA,NA,NA,NA,1,NA,NA,1,NA,NA,1,NA,NA,NA,NA,1,NA,1,NA,NA,1
Lanius cristatus,Brown Shrike,NA,BRSH,Wooded Habitat,Wooded Habitat,NA,NA,1,NA,NA,NA,NA,NA,NA,1,NA,1,NA,NA,NA,NA,1,NA,NA,NA,NA,NA,NA,NA,NA,NA,NA,NA,NA,NA,NA,NA,NA,NA,NA,NA,NA,NA,NA
Sturnia pagodarum,Brahminy Starling,NA,BRST,Generalist,None,NA,1,1,NA,NA,NA,NA,NA,NA,1,NA,1,NA,NA,NA,NA,NA,NA,NA,NA,NA,NA,NA,NA,NA,NA,NA,NA,NA,NA,NA,NA,NA,NA,NA,NA,NA,NA,NA
Acrocephalus dumetorum,Blyth's Reed Warbler,BRW,BRWA,Generalist,None,NA,1,1,1,NA,NA,NA,NA,NA,1,NA,NA,NA,1,1,1,1,NA,NA,NA,NA,NA,NA,NA,NA,NA,NA,NA,NA,NA,NA,NA,NA,NA,NA,NA,NA,NA,NA
Merops philippinus,Blue-tailed Bee-eater,NA,BTBE,Grassland,Open Habitat,1,1,NA,NA,1,NA,1,NA,NA,NA,NA,NA,NA,NA,NA,NA,NA,NA,NA,NA,NA,NA,NA,NA,NA,1,1,1,1,NA,NA,NA,NA,1,NA,NA,NA,NA,1
Cyornis rubeculoides,Blue-throated Flycatcher,NA,BTFL,Wooded Habitat,Wooded Habitat,NA,NA,1,NA,NA,NA,NA,NA,NA,NA,NA,NA,NA,1,NA,NA,1,NA,1,1,NA,NA,NA,NA,NA,NA,NA,NA,NA,NA,NA,NA,NA,NA,NA,NA,NA,NA,NA
Lonchura kelaarti,Black-throated Munia,NA,BTMU,Wooded Habitat,None,NA,1,1,NA,NA,NA,NA,NA,NA,1,NA,NA,NA,1,NA,NA,1,NA,NA,NA,NA,NA,NA,NA,NA,NA,NA,NA,NA,NA,NA,NA,NA,NA,NA,NA,NA,NA,NA
Hemipus picatus,Bar-winged Flycatcher-shrike,BWFS,BWFS,Forest,Forest,NA,NA,NA,NA,NA,NA,NA,NA,NA,1,NA,NA,NA,1,NA,NA,1,NA,NA,NA,NA,NA,NA,NA,NA,NA,NA,NA,NA,NA,NA,NA,NA,NA,NA,NA,NA,NA,NA
Elanus caeruleus,Black-winged Kite,BWK,BWKI,Grassland,Open Habitat,NA,1,NA,NA,1,NA,NA,NA,NA,NA,NA,NA,NA,NA,NA,NA,NA,NA,NA,NA,NA,NA,NA,NA,NA,NA,NA,NA,NA,NA,NA,1,NA,NA,NA,NA,NA,NA,NA
Strix leptogrammica,Brown Wood-Owl,NA,BWOW,Forest,Tropical Forest,NA,NA,NA,NA,NA,NA,NA,NA,NA,NA,NA,NA,NA,1,NA,NA,1,NA,NA,NA,NA,NA,NA,NA,NA,NA,NA,NA,NA,NA,NA,NA,NA,NA,NA,NA,NA,NA,NA
Bubulcus ibis,Cattle Egret,CE,CAEG,Generalist,Wetland,NA,NA,NA,1,NA,NA,NA,NA,NA,NA,NA,NA,NA,NA,NA,NA,NA,NA,NA,NA,NA,NA,NA,NA,NA,1,NA,NA,1,NA,NA,NA,NA,1,NA,NA,NA,NA,NA
Leptocoma minima,Crimson-backed Sunbird,CBS,CBSU,Wooded Habitat,Wooded Habitat,NA,NA,1,NA,NA,NA,NA,NA,NA,NA,NA,NA,NA,1,NA,1,1,NA,NA,NA,NA,NA,NA,NA,NA,NA,NA,NA,NA,NA,NA,NA,NA,NA,NA,NA,NA,NA,NA
Merops leschenaulti,Chestnut-headed Bee-eater,CHBE,CHBE,Forest,Forest,NA,NA,NA,NA,NA,NA,NA,NA,NA,1,NA,NA,NA,NA,NA,NA,1,NA,NA,NA,NA,NA,NA,NA,NA,NA,NA,NA,NA,NA,NA,NA,NA,NA,NA,NA,NA,NA,NA
Parus cinereus,Cinereous Tit,CT,CITI,Generalist,None,NA,NA,1,1,NA,NA,NA,NA,NA,1,NA,NA,NA,NA,NA,NA,1,NA,1,1,1,NA,NA,NA,NA,NA,NA,NA,NA,NA,NA,NA,NA,NA,NA,NA,NA,NA,NA
Psilopogon haemacephalus,Coppersmith Barbet,CSB,COBA,Wooded Habitat,Wooded Habitat,NA,NA,1,NA,NA,NA,NA,NA,NA,1,NA,NA,NA,NA,NA,NA,1,NA,NA,NA,NA,NA,NA,NA,NA,NA,NA,NA,NA,NA,NA,NA,NA,NA,NA,NA,NA,NA,NA
Buteo buteo,Common Buzzard,CBZ,COBU,Grassland,Grassland,NA,1,NA,NA,NA,NA,NA,NA,NA,NA,NA,NA,NA,NA,NA,NA,NA,NA,NA,NA,NA,NA,NA,NA,NA,NA,NA,NA,NA,NA,NA,NA,NA,NA,NA,NA,NA,NA,NA
Hierococcyx varius,Common Hawk-Cuckoo,NA,COHC,Wooded Habitat,Wooded Habitat,NA,NA,1,NA,NA,NA,NA,NA,NA,1,NA,NA,NA,NA,NA,NA,1,NA,NA,NA,NA,NA,NA,NA,NA,NA,NA,NA,NA,NA,NA,NA,NA,NA,NA,NA,NA,NA,NA
Aegithina tiphia,Common Iora,CI,COIO,Wooded Habitat,Wooded Habitat,NA,NA,1,NA,NA,NA,NA,NA,NA,1,NA,1,NA,NA,NA,NA,1,NA,NA,NA,NA,NA,NA,NA,NA,NA,NA,NA,NA,NA,NA,NA,NA,NA,NA,NA,NA,NA,NA
Acridotheres tristis,Common Myna,NA,COMY,Generalist,None,NA,1,1,1,NA,NA,NA,NA,NA,1,NA,NA,NA,NA,NA,NA,NA,NA,NA,NA,NA,NA,NA,NA,NA,NA,NA,NA,NA,NA,NA,NA,NA,NA,NA,NA,NA,NA,NA
Carpodacus erythrinus,Common Rosefinch,CRF,CORO,Generalist,None,NA,NA,1,NA,NA,NA,NA,NA,NA,1,1,NA,NA,NA,NA,NA,NA,NA,NA,NA,NA,NA,NA,NA,NA,NA,NA,NA,NA,NA,NA,NA,NA,NA,NA,NA,NA,NA,NA
Orthotomus sutorius,Common Tailorbird,CTB,COTA,Generalist,None,NA,NA,1,1,NA,NA,NA,NA,NA,1,NA,NA,NA,NA,1,NA,1,NA,NA,NA,NA,NA,NA,NA,NA,NA,NA,NA,NA,NA,NA,NA,NA,1,NA,NA,NA,NA,NA
Spilornis cheela,Crested Serpent-Eagle,CSE,CSEA,Forest,Forest,NA,NA,NA,NA,NA,NA,NA,NA,NA,1,NA,NA,NA,1,NA,NA,1,1,1,NA,NA,NA,NA,NA,NA,NA,NA,NA,NA,NA,NA,NA,NA,1,NA,NA,NA,NA,NA
Sturnia malabarica,Chestnut-tailed Starling,NA,CTST,Wooded Habitat,Wooded Habitat,NA,NA,1,NA,NA,NA,NA,NA,NA,1,NA,NA,NA,NA,NA,NA,NA,NA,NA,NA,NA,NA,NA,NA,NA,NA,NA,NA,NA,NA,NA,NA,NA,NA,NA,NA,NA,NA,NA
Clamator coromandus,Chestnut-winged Cuckoo,NA,CWCU,Wooded Habitat,Wooded Habitat,NA,NA,1,NA,NA,NA,NA,NA,NA,1,NA,NA,NA,NA,1,NA,1,NA,NA,NA,NA,1,NA,NA,NA,NA,NA,NA,NA,NA,NA,NA,NA,1,NA,NA,NA,NA,NA
Ptyonoprogne concolor,Dusky Crag-Martin,NA,DCMA,Generalist,None,NA,1,NA,1,NA,NA,NA,NA,NA,NA,1,NA,NA,NA,NA,NA,NA,NA,NA,NA,NA,NA,NA,NA,NA,NA,NA,NA,NA,NA,NA,NA,NA,NA,NA,NA,NA,NA,NA
Dumetia atriceps,Dark-fronted Babbler,DFB,DFBA,Forest,Tropical Forest,NA,NA,NA,NA,NA,NA,NA,NA,NA,NA,NA,NA,NA,NA,NA,NA,NA,NA,NA,NA,NA,NA,NA,NA,NA,NA,NA,NA,NA,NA,NA,NA,NA,NA,NA,NA,NA,NA,NA
Eurystomus orientalis,Dollarbird,NA,DOLL,Forest,Tropical Forest,NA,NA,NA,NA,NA,NA,NA,NA,NA,NA,NA,NA,NA,1,NA,NA,1,NA,NA,NA,NA,NA,NA,NA,NA,NA,NA,NA,NA,NA,NA,NA,NA,NA,NA,NA,NA,NA,NA
Ptyonoprogne rupestris,Eurasian Crag-Martin,NA,ECMA,Grassland,None,NA,1,NA,NA,NA,1,NA,NA,NA,NA,1,NA,NA,NA,NA,NA,NA,NA,1,NA,1,NA,NA,NA,NA,NA,NA,NA,NA,NA,NA,NA,NA,NA,NA,NA,NA,NA,NA
Neophron percnopterus,Egyptian Vulture,NA,EGVU,Grassland,Grassland and Scrub,NA,NA,NA,NA,1,NA,NA,NA,NA,1,NA,1,1,NA,NA,NA,NA,NA,NA,NA,NA,NA,NA,NA,NA,NA,NA,NA,NA,NA,NA,1,NA,NA,NA,NA,NA,NA,NA
Curruca crassirostris,Eastern Orphean Warbler,NA,EOWA,Grassland,None,NA,NA,NA,NA,NA,NA,NA,NA,NA,NA,NA,NA,NA,NA,NA,NA,NA,NA,NA,NA,NA,NA,NA,NA,NA,NA,NA,NA,NA,NA,NA,NA,NA,NA,NA,NA,NA,NA,NA
Upupa epops,Eurasian Hoopoe,EH,EUHO,Grassland,Grassland,NA,1,NA,NA,NA,NA,NA,NA,NA,NA,NA,NA,NA,NA,NA,NA,NA,NA,NA,NA,NA,NA,NA,NA,NA,NA,NA,NA,NA,NA,NA,NA,NA,NA,NA,NA,NA,NA,NA
Falco tinnunculus,Eurasian Kestrel,NA,EUKE,Generalist,None,NA,1,NA,NA,1,1,NA,1,NA,NA,NA,NA,NA,NA,NA,NA,NA,NA,1,1,1,NA,NA,NA,1,NA,NA,NA,NA,NA,NA,NA,1,NA,NA,NA,NA,NA,NA
Accipiter nisus,Eurasian Sparrowhawk,NA,EUSP,Wooded Habitat,None,NA,1,1,NA,1,NA,NA,NA,NA,1,NA,NA,NA,NA,NA,NA,1,NA,1,1,1,NA,NA,NA,NA,NA,NA,NA,NA,NA,NA,NA,1,NA,NA,NA,NA,NA,NA
Scolopax rusticola,Eurasian Woodcock,NA,EUWO,Wooded Habitat,Wooded Habitat,NA,NA,1,NA,NA,NA,NA,NA,NA,NA,NA,NA,NA,1,NA,NA,NA,NA,1,1,NA,NA,NA,NA,NA,NA,NA,NA,NA,NA,NA,NA,NA,NA,NA,NA,NA,NA,NA
Dendronanthus indicus,Forest Wagtail,NA,FOWA,Wooded Habitat,Wooded Habitat,NA,NA,1,NA,NA,NA,NA,NA,NA,NA,NA,NA,NA,1,NA,NA,1,NA,NA,NA,NA,NA,NA,NA,NA,NA,NA,NA,NA,NA,NA,NA,NA,1,NA,NA,NA,NA,NA
Rubigula gularis,Flame-throated Bulbul,FTB,FTBU,Forest,Tropical Forest,NA,NA,NA,NA,NA,NA,NA,NA,NA,NA,NA,NA,NA,1,NA,NA,1,NA,NA,NA,NA,NA,NA,NA,NA,NA,NA,NA,NA,NA,NA,NA,NA,NA,NA,NA,NA,NA,NA
Surniculus dicruroides,Fork-tailed Drongo-Cuckoo,NA,FTDC,Wooded Habitat,Wooded Habitat,NA,NA,1,NA,NA,NA,NA,NA,NA,1,NA,NA,NA,NA,NA,NA,1,NA,NA,NA,NA,NA,NA,NA,NA,NA,NA,NA,NA,NA,NA,NA,NA,NA,NA,NA,NA,NA,NA
Cacomantis passerinus,Gray-bellied Cuckoo,GBC,GBCU,Wooded Habitat,None,NA,1,1,NA,NA,NA,NA,NA,NA,1,NA,NA,NA,NA,NA,NA,1,NA,NA,NA,NA,NA,NA,NA,NA,NA,NA,NA,NA,NA,NA,NA,NA,NA,NA,NA,NA,NA,NA
Merops orientalis,Green Bee-eater,NA,GBEA,Generalist,None,NA,1,1,1,1,NA,NA,NA,NA,1,NA,1,1,NA,NA,NA,NA,NA,NA,NA,NA,NA,NA,NA,NA,NA,NA,NA,NA,NA,NA,NA,NA,NA,NA,NA,NA,NA,NA
Prinia hodgsonii,Gray-breasted Prinia,GBP,GBPR,Wooded Habitat,None,NA,1,1,NA,NA,1,NA,NA,NA,1,1,1,NA,NA,1,NA,NA,NA,1,NA,1,NA,NA,NA,NA,NA,NA,NA,NA,NA,NA,NA,NA,1,NA,NA,NA,NA,NA
Treron affinis,Gray-fronted Green-Pigeon,NA,GFGP,Forest,Tropical Forest,NA,NA,NA,NA,NA,NA,NA,NA,NA,NA,NA,NA,NA,1,NA,NA,1,NA,NA,NA,NA,NA,NA,NA,NA,NA,NA,NA,NA,NA,NA,NA,NA,NA,NA,NA,NA,NA,NA
Chloropsis aurifrons,Golden-fronted Leafbird,GFL,GFLE,Wooded Habitat,Wooded Habitat,NA,NA,1,NA,NA,NA,NA,NA,NA,1,NA,NA,NA,1,NA,NA,1,NA,NA,NA,NA,NA,NA,NA,NA,NA,NA,NA,NA,NA,NA,NA,NA,NA,NA,NA,NA,NA,NA
Brachypodius priocephalus,Gray-Headed Bulbul,GHB,GHBU,Forest,Tropical Forest,NA,NA,NA,NA,NA,NA,NA,NA,NA,NA,NA,NA,NA,1,NA,NA,1,NA,NA,NA,NA,NA,NA,NA,NA,NA,NA,NA,NA,NA,NA,NA,NA,NA,NA,NA,NA,NA,NA
Culicicapa ceylonensis,Gray-headed Canary-Flycatcher,GHCF,GHCF,Wooded Habitat,Wooded Habitat,NA,NA,1,NA,NA,NA,NA,NA,NA,NA,NA,NA,NA,1,NA,1,1,1,1,1,NA,NA,NA,NA,NA,NA,NA,NA,NA,NA,NA,NA,NA,NA,NA,NA,NA,NA,NA
Centropus sinensis,Greater Coucal,GC,GRCO,Generalist,None,NA,1,1,1,NA,NA,NA,NA,NA,1,NA,1,NA,NA,1,NA,NA,NA,NA,NA,NA,NA,NA,NA,NA,NA,NA,NA,NA,NA,NA,NA,NA,NA,NA,NA,NA,NA,NA
Motacilla cinerea,Gray Wagtail,GWT,GREW,Generalist,None,NA,NA,NA,1,NA,NA,NA,NA,NA,NA,NA,NA,NA,1,NA,1,NA,NA,NA,NA,NA,1,1,NA,NA,1,NA,NA,NA,NA,NA,NA,NA,NA,NA,NA,1,NA,NA
Chrysocolaptes guttacristatus,Greater Flameback,GF,GRFL,Forest,Tropical Forest,NA,NA,NA,NA,NA,NA,NA,NA,NA,NA,NA,NA,NA,1,NA,NA,1,NA,NA,NA,NA,NA,NA,NA,NA,NA,NA,NA,NA,NA,NA,NA,NA,1,NA,NA,NA,NA,NA
Buceros bicornis,Great Hornbill,GH,GRHO,Forest,Tropical Forest,NA,NA,NA,NA,NA,NA,NA,NA,NA,NA,NA,NA,NA,1,NA,NA,1,NA,NA,NA,NA,NA,NA,NA,NA,NA,NA,NA,NA,NA,NA,NA,NA,NA,NA,NA,NA,NA,NA
Gallus sonneratii,Gray Junglefowl,GJ,GRJU,Forest,Forest,NA,NA,NA,NA,NA,NA,NA,NA,NA,1,NA,NA,NA,1,NA,1,1,NA,NA,NA,NA,NA,NA,NA,NA,NA,NA,NA,NA,NA,NA,NA,NA,NA,NA,NA,NA,NA,NA
Phylloscopus nitidus,Green Warbler,GW,GRNW,Wooded Habitat,Wooded Habitat,NA,NA,1,NA,NA,NA,NA,NA,NA,1,NA,NA,NA,1,NA,NA,1,NA,NA,NA,NA,NA,NA,NA,NA,NA,NA,NA,NA,NA,NA,NA,NA,NA,NA,NA,NA,NA,NA
Dicrurus paradiseus,Greater Racket-tailed Drongo,GRTD,GRTD,Forest,Tropical Forest,NA,NA,NA,NA,NA,NA,NA,NA,NA,NA,NA,NA,NA,1,1,NA,1,NA,NA,NA,NA,NA,NA,NA,NA,NA,NA,NA,NA,NA,NA,NA,NA,NA,NA,NA,NA,NA,NA
Phylloscopus trochiloides,Greenish Warbler,GNW,GRWA,Wooded Habitat,Wooded Habitat,NA,NA,1,NA,NA,NA,NA,NA,NA,1,NA,NA,NA,1,NA,NA,1,NA,1,1,1,NA,NA,1,NA,NA,NA,NA,NA,NA,NA,NA,NA,1,NA,NA,NA,NA,NA
Hirundo domicola,Hill Swallow,HSW,HISW,Grassland,None,NA,1,NA,NA,NA,1,NA,1,NA,NA,NA,NA,NA,NA,NA,1,NA,NA,NA,NA,NA,NA,NA,NA,NA,NA,NA,NA,NA,NA,NA,NA,NA,NA,NA,NA,NA,NA,NA
Corvus splendens,House Crow,HC,HOCR,Generalist,None,NA,1,1,1,NA,NA,NA,NA,NA,NA,NA,NA,NA,NA,NA,NA,NA,NA,NA,NA,NA,NA,NA,NA,NA,NA,NA,NA,1,NA,NA,NA,NA,NA,NA,NA,NA,NA,NA
Passer domesticus,House Sparrow,HS,HOSP,Generalist,None,NA,1,1,1,1,NA,NA,NA,NA,NA,1,NA,NA,NA,NA,NA,NA,NA,NA,NA,NA,NA,NA,NA,NA,NA,NA,NA,NA,NA,NA,NA,NA,NA,NA,NA,NA,NA,NA
Larvivora brunnea,Indian Blue Robin,IBR,IBRO,Wooded Habitat,Wooded Habitat,NA,NA,1,NA,NA,NA,NA,NA,NA,NA,NA,NA,NA,1,1,NA,1,1,1,1,1,NA,NA,NA,NA,NA,NA,NA,NA,NA,NA,NA,NA,NA,NA,NA,NA,NA,NA
Ocyceros birostris,Indian Gray Hornbill,NA,IGHO,Generalist,None,NA,NA,1,1,NA,NA,NA,NA,NA,1,NA,NA,NA,NA,NA,NA,NA,NA,NA,NA,NA,NA,NA,NA,NA,NA,NA,NA,NA,NA,NA,NA,NA,NA,NA,NA,NA,NA,NA
Oriolus kundoo,Indian Golden Oriole,IGO,IGOR,Generalist,None,NA,NA,1,1,NA,NA,NA,NA,NA,1,NA,NA,NA,1,NA,NA,1,NA,1,NA,NA,NA,NA,NA,NA,NA,NA,NA,NA,NA,NA,NA,NA,NA,NA,NA,NA,NA,NA
Turdus simillimus,Indian Blackbird,IB,INBL,Wooded Habitat,None,NA,NA,1,NA,NA,NA,NA,NA,NA,1,1,NA,NA,1,NA,1,1,NA,NA,NA,NA,NA,NA,NA,NA,NA,NA,NA,NA,NA,NA,NA,NA,NA,NA,NA,NA,NA,NA
Cuculus micropterus,Indian Cuckoo,NA,INCU,Wooded Habitat,Wooded Habitat,NA,NA,1,NA,NA,NA,NA,NA,NA,NA,NA,NA,NA,1,NA,NA,1,1,NA,NA,NA,NA,NA,NA,NA,NA,NA,NA,NA,NA,NA,NA,NA,NA,NA,NA,NA,NA,NA
Pavo cristatus,Indian Peafowl,IP,INPE,Generalist,None,NA,1,1,NA,NA,NA,NA,NA,NA,1,NA,NA,NA,NA,NA,NA,1,NA,NA,NA,NA,NA,NA,NA,NA,NA,NA,NA,NA,NA,NA,NA,NA,NA,NA,NA,NA,NA,NA
Pitta brachyura,Indian Pitta,IPT,INPI,Wooded Habitat,Wooded Habitat,NA,NA,1,NA,NA,NA,NA,NA,NA,1,NA,NA,NA,1,NA,NA,1,NA,NA,NA,NA,NA,NA,NA,NA,NA,NA,NA,NA,NA,NA,NA,NA,NA,NA,NA,NA,NA,NA
Terpsiphone paradisi,Indian Paradise-Flycatcher,NA,IPFL,Wooded Habitat,Wooded Habitat,NA,NA,1,NA,NA,NA,NA,NA,NA,1,NA,NA,NA,1,NA,NA,1,NA,1,NA,NA,NA,NA,NA,NA,NA,NA,NA,NA,NA,NA,NA,NA,NA,NA,NA,NA,NA,NA
Ardeola grayii,Indian Pond Heron,IPH,IPHE,Generalist,None,1,1,NA,1,NA,NA,1,NA,1,NA,NA,NA,NA,NA,NA,NA,NA,NA,NA,NA,NA,NA,1,NA,NA,1,NA,NA,1,NA,NA,NA,NA,NA,NA,NA,NA,NA,NA
Pomatorhinus horsfieldii,Indian Scimitar-Babbler,ISB,ISBA,Forest,Tropical Forest,NA,NA,NA,NA,NA,NA,NA,NA,NA,NA,NA,NA,NA,1,NA,1,1,NA,NA,NA,NA,NA,NA,NA,NA,NA,NA,NA,NA,NA,NA,NA,NA,NA,NA,NA,NA,NA,NA
Zosterops palpebrosus,Indian White Eye,OWE,IWEY,Generalist,None,NA,NA,1,1,NA,NA,NA,NA,NA,NA,NA,NA,NA,1,NA,1,1,NA,NA,NA,NA,NA,NA,NA,NA,NA,NA,NA,NA,NA,NA,NA,NA,1,NA,NA,NA,NA,NA
Machlolophus aplonotus,Indian Yellow Tit,IYT,IYTI,Wooded Habitat,Wooded Habitat,NA,NA,1,NA,NA,NA,NA,NA,NA,NA,NA,NA,NA,1,1,NA,1,NA,NA,NA,NA,NA,NA,NA,NA,NA,NA,NA,NA,NA,NA,NA,NA,NA,NA,NA,NA,NA,NA
Perdicula asiatica,Jungle Bush-Quail,NA,JBQU,Grassland,Grassland and Scrub,NA,1,NA,NA,1,NA,NA,NA,NA,1,NA,1,1,NA,NA,NA,NA,NA,NA,NA,NA,NA,NA,NA,NA,NA,NA,NA,NA,NA,NA,NA,NA,NA,NA,NA,NA,NA,NA
Mirafra affinis,Jerdon's Bushlark,NA,JEBU,Grassland,Grassland and Scrub,NA,1,NA,NA,1,NA,NA,NA,NA,NA,NA,1,NA,NA,NA,NA,NA,NA,NA,NA,NA,NA,NA,NA,NA,NA,NA,NA,NA,NA,NA,NA,NA,NA,NA,NA,NA,NA,NA
Caprimulgus atripennis,Jerdon's Nightjar,NA,JENI,Wooded Habitat,None,NA,1,NA,NA,1,NA,NA,NA,NA,1,NA,NA,NA,1,NA,NA,1,NA,NA,NA,NA,NA,NA,NA,NA,NA,NA,NA,NA,NA,NA,NA,NA,NA,NA,NA,NA,NA,NA
Argya striata,Jungle Babbler,JB,JUBA,Generalist,None,NA,NA,NA,NA,NA,NA,NA,NA,NA,NA,NA,NA,NA,NA,NA,NA,NA,NA,NA,NA,NA,NA,NA,NA,NA,NA,NA,NA,NA,NA,NA,NA,NA,NA,NA,NA,NA,NA,NA
Acridotheres fuscus,Jungle Myna,JM,JUMY,Generalist,None,NA,1,1,1,NA,NA,NA,NA,NA,1,NA,1,NA,NA,NA,NA,1,NA,NA,NA,NA,NA,NA,NA,NA,NA,NA,NA,NA,NA,NA,NA,NA,NA,NA,NA,NA,NA,NA
Caprimulgus indicus,Jungle Nightjar,JN,JUNI,Wooded Habitat,Wooded Habitat,NA,NA,NA,NA,NA,NA,NA,NA,NA,1,NA,1,NA,NA,1,NA,1,NA,NA,NA,NA,NA,NA,NA,NA,NA,NA,NA,NA,NA,NA,NA,NA,NA,NA,NA,NA,NA,NA
Prinia sylvatica,Jungle Prinia,JP,JUPR,Grassland,Grassland and Scrub,NA,NA,NA,NA,1,NA,NA,NA,NA,NA,NA,1,1,NA,NA,NA,NA,NA,NA,NA,NA,NA,NA,NA,NA,NA,NA,NA,NA,NA,NA,NA,NA,NA,NA,NA,NA,NA,NA
Ficedula subrubra,Kashmir Flycatcher,KF,KAFL,Wooded Habitat,Wooded Habitat,NA,NA,1,NA,NA,NA,NA,NA,NA,NA,NA,NA,NA,NA,NA,1,NA,NA,1,NA,NA,NA,NA,NA,NA,NA,NA,NA,NA,NA,NA,NA,NA,NA,NA,NA,NA,NA,NA
Coracina macei,Large Cuckooshrike,LC,LACU,Wooded Habitat,Wooded Habitat,NA,NA,1,NA,NA,NA,NA,NA,NA,1,NA,NA,NA,NA,NA,NA,1,NA,1,NA,1,NA,NA,NA,NA,NA,NA,NA,NA,NA,NA,NA,NA,NA,NA,NA,NA,NA,NA
Corvus macrorhynchos,Large-billed Crow,LBC,LBCR,Generalist,None,NA,NA,1,1,NA,NA,NA,NA,NA,1,NA,NA,NA,1,NA,NA,1,1,1,1,1,NA,NA,NA,NA,NA,NA,NA,NA,NA,NA,NA,NA,NA,NA,NA,NA,NA,NA
Phylloscopus magnirostris,Large-billed Leaf Warbler,LBLW,LBLW,Forest,Forest,NA,NA,NA,NA,NA,NA,NA,NA,NA,NA,NA,NA,NA,1,NA,1,NA,NA,1,1,1,NA,NA,NA,NA,NA,NA,NA,NA,NA,NA,NA,NA,NA,NA,NA,NA,NA,NA
Anthus similis,Long-billed Pipit,NA,LBPI,Grassland,Grassland and Scrub,NA,1,NA,NA,1,1,NA,1,NA,NA,1,NA,1,NA,NA,NA,NA,NA,NA,NA,NA,NA,NA,NA,NA,NA,NA,NA,NA,NA,NA,NA,NA,NA,NA,NA,NA,NA,NA
Picus chlorolophus,Lesser Yellownape,NA,LEYE,Wooded Habitat,Wooded Habitat,NA,NA,1,NA,NA,NA,NA,NA,NA,NA,NA,NA,NA,1,NA,NA,1,NA,1,NA,1,NA,NA,NA,NA,NA,NA,NA,NA,NA,NA,NA,NA,NA,NA,NA,NA,NA,NA
Argya malcolmi,Large Gray Babbler,NA,LGBA,Wooded Habitat,None,NA,NA,NA,NA,NA,NA,NA,NA,NA,NA,NA,NA,NA,NA,NA,NA,NA,NA,NA,NA,NA,NA,NA,NA,NA,NA,NA,NA,NA,NA,NA,NA,NA,NA,NA,NA,NA,NA,NA
Hierococcyx sparverioides,Large Hawk-Cuckoo,NA,LHCU,Forest,Forest,NA,NA,NA,NA,NA,NA,NA,NA,NA,NA,NA,NA,NA,1,NA,1,NA,NA,1,1,1,NA,NA,NA,NA,NA,NA,NA,NA,NA,NA,NA,NA,NA,NA,NA,NA,NA,NA
Microcarbo niger,Little Cormorant,LC,LICO,Aquatic,Wetland,1,NA,NA,NA,NA,NA,NA,NA,NA,NA,NA,NA,NA,NA,NA,NA,NA,NA,NA,NA,NA,NA,NA,NA,NA,1,NA,NA,NA,NA,NA,NA,NA,NA,NA,NA,1,NA,NA
Apus affinis,Little Swift,LS,LISW,Generalist,None,NA,1,NA,1,NA,NA,NA,NA,NA,1,NA,NA,NA,1,NA,NA,1,NA,NA,NA,NA,NA,NA,NA,NA,NA,NA,NA,NA,NA,NA,NA,NA,NA,NA,NA,NA,NA,NA
Cinnyris lotenius,Loten's Sunbird,NA,LOSU,Wooded Habitat,Wooded Habitat,NA,NA,1,NA,NA,NA,NA,NA,NA,1,NA,NA,NA,1,NA,NA,1,NA,NA,NA,NA,NA,NA,NA,NA,NA,NA,NA,NA,NA,NA,NA,NA,NA,NA,NA,NA,NA,NA
Lanius schach,Long-tailed Shrike,LTS,LTSH,Grassland,None,NA,1,NA,NA,1,1,NA,NA,NA,NA,1,1,NA,NA,NA,NA,NA,NA,NA,NA,1,NA,NA,NA,NA,NA,NA,NA,NA,NA,NA,NA,1,NA,NA,NA,NA,NA,NA
Psilopogon malabaricus,Malabar Barbet,MB,MABA,Forest,Tropical Forest,NA,NA,NA,NA,NA,NA,NA,NA,NA,NA,NA,NA,NA,1,NA,NA,NA,NA,NA,NA,NA,NA,NA,NA,NA,NA,NA,NA,NA,NA,NA,NA,NA,NA,NA,NA,NA,NA,NA
Galerida malabarica,Malabar Lark,ML,MALA,Grassland,Grassland,NA,1,NA,NA,1,1,NA,NA,NA,NA,NA,NA,NA,NA,NA,NA,NA,NA,NA,NA,NA,NA,NA,NA,NA,NA,NA,NA,NA,NA,NA,NA,NA,NA,NA,NA,NA,NA,NA
Psittacula columboides,Malabar Parakeet,MP,MAPA,Forest,Forest,NA,NA,NA,NA,NA,NA,NA,NA,NA,1,NA,NA,NA,1,NA,NA,1,NA,NA,NA,NA,NA,NA,NA,NA,NA,NA,NA,NA,NA,NA,NA,NA,NA,NA,NA,NA,NA,NA
Harpactes fasciatus,Malabar Trogon,NA,MATR,Forest,Tropical Forest,NA,NA,NA,NA,NA,NA,NA,NA,NA,NA,NA,NA,NA,1,NA,NA,1,NA,NA,NA,NA,NA,NA,NA,NA,NA,NA,NA,NA,NA,NA,NA,NA,NA,NA,NA,NA,NA,NA
Tephrodornis sylvicola,Malabar Woodshrike,NA,MAWO,Forest,Tropical Forest,NA,NA,NA,NA,NA,NA,NA,NA,NA,NA,NA,NA,NA,1,NA,NA,1,NA,NA,NA,NA,NA,NA,NA,NA,NA,NA,NA,NA,NA,NA,NA,NA,NA,NA,NA,NA,NA,NA
Myophonus horsfieldii,Malabar Whistling-Thrush,MWT,MWTH,Wooded Habitat,None,NA,NA,NA,NA,NA,NA,NA,NA,NA,NA,NA,NA,NA,1,NA,NA,1,NA,NA,NA,NA,NA,NA,NA,NA,NA,NA,NA,NA,NA,NA,NA,NA,NA,NA,NA,1,NA,NA
Eumyias albicaudatus,Nilgiri Flycatcher,NF,NIFL,Wooded Habitat,Wooded Habitat,NA,NA,1,NA,NA,NA,NA,NA,NA,NA,NA,NA,NA,1,NA,1,NA,NA,NA,NA,NA,NA,NA,NA,NA,NA,NA,NA,NA,NA,NA,NA,NA,NA,NA,NA,NA,NA,NA
Dicaeum concolor,Nilgiri Flowerpecker,NFP,NIFP,Wooded Habitat,None,NA,NA,1,1,NA,NA,NA,NA,NA,NA,NA,NA,NA,1,NA,NA,1,NA,NA,NA,NA,NA,NA,NA,NA,NA,NA,NA,NA,NA,NA,NA,NA,NA,NA,NA,NA,NA,NA
Montecincla cachinnans,Nilgiri Laughingthrush,NLT,NILA,Wooded Habitat,Wooded Habitat,NA,NA,1,NA,NA,NA,NA,NA,NA,NA,NA,NA,NA,NA,NA,1,NA,NA,NA,NA,NA,NA,NA,NA,NA,NA,NA,NA,NA,NA,NA,NA,NA,NA,NA,NA,NA,NA,NA
Anthus nilghiriensis,Nilgiri Pipit,NP,NIPI,Grassland,Grassland,NA,NA,NA,NA,NA,NA,NA,1,NA,NA,NA,NA,NA,NA,NA,NA,NA,NA,NA,NA,NA,NA,NA,NA,NA,NA,NA,NA,NA,NA,NA,NA,NA,NA,NA,NA,NA,NA,NA
Sholicola major,Nilgiri Sholakili,NS,NISH,Wooded Habitat,Wooded Habitat,NA,NA,1,NA,NA,NA,NA,NA,NA,NA,NA,NA,NA,NA,NA,1,NA,NA,NA,NA,NA,NA,NA,NA,NA,NA,NA,NA,NA,NA,NA,NA,NA,NA,NA,NA,NA,NA,NA
Zoothera neilgherriensis,Nilgiri Thrush,NT,NITH,Forest,Tropical Forest,NA,NA,NA,NA,NA,NA,NA,NA,NA,NA,NA,NA,NA,1,NA,1,NA,NA,NA,NA,NA,NA,NA,NA,NA,NA,NA,NA,NA,NA,NA,NA,NA,NA,NA,NA,NA,NA,NA
Columba elphinstonii,Nilgiri Wood-Pigeon,NWP,NWPI,Forest,Tropical Forest,NA,NA,NA,NA,NA,NA,NA,NA,NA,NA,NA,NA,NA,1,NA,1,1,NA,NA,NA,NA,NA,NA,NA,NA,NA,NA,NA,NA,NA,NA,NA,NA,NA,NA,NA,NA,NA,NA
Anthus hodgsoni,Olive-backed Pipit,NA,OBPI,Generalist,None,NA,NA,1,NA,NA,NA,NA,NA,NA,NA,1,NA,NA,NA,NA,NA,NA,NA,NA,NA,1,NA,NA,NA,NA,NA,NA,NA,NA,NA,NA,NA,NA,NA,NA,NA,NA,NA,NA
Pernis ptilorhynchus,Oriental Honey-buzzard,OHB,OHBU,Wooded Habitat,Wooded Habitat,NA,NA,1,NA,NA,NA,NA,NA,NA,1,NA,NA,NA,1,NA,NA,1,1,NA,NA,NA,NA,NA,NA,NA,NA,NA,NA,NA,NA,NA,NA,NA,NA,NA,NA,NA,NA,NA
Geokichla citrina,Orange-headed Thrush,OHT,OHTH,Wooded Habitat,Wooded Habitat,NA,NA,1,NA,NA,NA,NA,NA,NA,NA,NA,NA,NA,1,1,NA,1,NA,1,1,1,NA,NA,NA,NA,NA,NA,NA,NA,NA,NA,NA,NA,NA,NA,NA,NA,NA,NA
Copsychus saularis,Oriental-Magpie Robin,OMR,OMRO,Generalist,None,NA,NA,1,1,NA,NA,NA,NA,NA,1,NA,NA,NA,NA,NA,NA,1,NA,NA,NA,NA,NA,NA,NA,NA,NA,NA,NA,NA,NA,NA,NA,NA,NA,NA,NA,NA,NA,NA
Pericrocotus flammeus,Orange Minivet,OM ,ORMI,Forest,Tropical Forest,NA,NA,NA,NA,NA,NA,NA,NA,NA,NA,NA,NA,NA,1,NA,NA,1,NA,NA,NA,NA,NA,NA,NA,NA,NA,NA,NA,NA,NA,NA,NA,NA,NA,NA,NA,NA,NA,NA
Alauda gulgula,Oriental Skylark,NA,ORSK,Grassland,None,NA,1,NA,NA,1,NA,NA,NA,NA,NA,NA,NA,NA,NA,NA,NA,NA,NA,NA,NA,NA,NA,NA,NA,NA,NA,NA,NA,NA,NA,NA,NA,1,NA,NA,NA,NA,NA,NA
Circus macrourus,Pallid Harrier,NA,PAHA,Grassland,Grassland,NA,1,NA,NA,1,NA,NA,NA,NA,NA,NA,NA,NA,NA,NA,NA,NA,NA,NA,NA,NA,NA,NA,NA,NA,NA,NA,NA,NA,NA,NA,NA,NA,NA,NA,NA,NA,NA,NA
Anthus rufulus,Paddyfield Pipit,NA,PAPI,Grassland,Grassland,1,1,NA,NA,1,NA,NA,1,NA,NA,NA,NA,NA,NA,NA,NA,NA,NA,NA,NA,NA,NA,1,NA,NA,NA,NA,NA,NA,NA,NA,1,NA,NA,NA,NA,NA,NA,NA
Galloperdix lunulata,Painted Spurfowl,NA,PASP,Wooded Habitat,Wooded Habitat,NA,NA,NA,NA,NA,NA,NA,NA,NA,1,NA,NA,1,NA,1,NA,NA,NA,NA,NA,NA,NA,NA,NA,NA,NA,NA,NA,NA,NA,NA,NA,NA,NA,NA,NA,NA,NA,NA
Dicaeum erythrorhynchos,Pale-Billed Flowerpecker,PBF,PBFL,Generalist,None,NA,NA,1,1,NA,NA,NA,NA,NA,1,NA,NA,NA,NA,NA,NA,1,NA,NA,NA,NA,NA,NA,NA,NA,NA,NA,NA,NA,NA,NA,NA,NA,1,NA,NA,NA,NA,NA
Perdicula erythrorhyncha,Painted Bush Quail,PBQ,PBQU,Grassland,Grassland and Scrub,NA,NA,NA,NA,NA,1,NA,1,NA,NA,1,NA,NA,NA,NA,NA,NA,NA,NA,NA,NA,NA,NA,NA,NA,NA,NA,NA,NA,NA,NA,NA,NA,NA,NA,NA,NA,NA,NA
Falco peregrinus,Peregrine Falcon,NA,PEFA,Generalist,None,NA,NA,NA,1,1,NA,NA,1,NA,NA,NA,NA,NA,NA,NA,NA,NA,NA,1,NA,1,NA,NA,NA,NA,1,NA,NA,NA,NA,NA,1,NA,NA,NA,NA,NA,NA,NA
Psittacula cyanocephala,Plum-headed Parakeet,PHP,PHPA,Forest,Forest,NA,NA,NA,NA,NA,NA,NA,NA,NA,1,NA,NA,NA,NA,NA,NA,1,NA,1,NA,1,NA,NA,NA,NA,NA,NA,NA,NA,NA,NA,NA,NA,NA,NA,NA,NA,NA,NA
Saxicola caprata,Pied Bushchat,PBC,PIBU,Generalist,None,NA,1,1,1,NA,1,1,1,NA,NA,1,NA,NA,NA,NA,NA,NA,NA,NA,NA,NA,NA,NA,NA,NA,NA,NA,NA,NA,NA,NA,NA,NA,NA,NA,NA,NA,NA,NA
Clamator jacobinus,Pied Cuckoo,NA,PICU,Wooded Habitat,None,NA,NA,1,NA,NA,NA,NA,NA,NA,1,NA,1,NA,NA,NA,NA,NA,NA,NA,NA,NA,NA,NA,NA,NA,NA,NA,NA,NA,NA,NA,1,NA,NA,NA,NA,NA,NA,NA
Geokichla wardii,Pied Thrush,NA,PITH,Wooded Habitat,Wooded Habitat,NA,NA,1,NA,NA,NA,NA,NA,NA,NA,NA,NA,NA,1,NA,NA,NA,NA,1,1,NA,NA,NA,NA,NA,NA,NA,NA,NA,NA,NA,NA,NA,NA,NA,NA,NA,NA,NA
Prinia inornata,Plain Prinia,NA,PLPR,Generalist,None,NA,1,NA,NA,1,NA,NA,NA,1,1,NA,1,1,NA,1,NA,NA,NA,NA,NA,NA,NA,NA,NA,NA,NA,NA,NA,NA,NA,NA,NA,NA,1,NA,NA,NA,NA,NA
Pellorneum ruficeps,Puff-throated Babbler,PTB,PTBA,Wooded Habitat,Wooded Habitat,NA,NA,1,NA,NA,NA,NA,NA,NA,1,NA,NA,NA,1,1,NA,1,NA,NA,NA,NA,NA,NA,NA,NA,NA,NA,NA,NA,NA,NA,NA,NA,NA,NA,NA,NA,NA,NA
Cinnyris asiaticus,Purple Sunbird,PS,PUSU,Generalist,None,NA,NA,1,1,NA,NA,NA,NA,NA,1,NA,1,NA,NA,NA,NA,NA,NA,NA,NA,NA,NA,NA,NA,NA,NA,NA,NA,NA,NA,NA,NA,NA,NA,NA,NA,NA,NA,NA
Coturnix coromandelica,Rain Quail,NA,RAQU,Grassland,Grassland,NA,1,NA,NA,1,NA,NA,NA,NA,NA,NA,NA,NA,NA,NA,NA,NA,NA,NA,NA,NA,NA,NA,NA,NA,NA,NA,NA,NA,NA,NA,NA,NA,NA,NA,NA,NA,NA,NA
Lophotriorchis kienerii,Rufous-Bellied Eagle,RBE,RBEA,Forest,Tropical Forest,NA,NA,NA,NA,NA,NA,NA,NA,NA,NA,NA,NA,NA,1,NA,NA,1,NA,NA,NA,NA,NA,NA,NA,NA,NA,NA,NA,NA,NA,NA,NA,NA,NA,NA,NA,NA,NA,NA
Ficedula parva,Red-breasted Flycatcher,NA,RBFL,Wooded Habitat,Wooded Habitat,NA,NA,1,NA,NA,NA,NA,NA,NA,NA,NA,NA,NA,1,NA,NA,1,NA,NA,NA,NA,NA,NA,NA,NA,NA,NA,NA,NA,NA,NA,NA,NA,NA,NA,NA,NA,NA,NA
Amandava amandava,Red Avadavat,RA,REAV,Grassland,Grassland and Scrub,NA,1,NA,NA,NA,NA,1,NA,1,NA,NA,1,NA,NA,NA,NA,NA,NA,NA,NA,NA,NA,NA,NA,NA,NA,NA,NA,NA,NA,NA,NA,NA,NA,NA,NA,NA,NA,NA
Galloperdix spadicea,Red Spurfowl,RS,RESP,Forest,Forest,NA,NA,NA,NA,NA,NA,NA,NA,NA,1,NA,NA,NA,1,1,NA,1,NA,NA,NA,NA,NA,NA,NA,NA,NA,NA,NA,NA,NA,NA,NA,NA,NA,NA,NA,NA,NA,NA
Sarcogyps calvus,Red-headed Vulture,NA,RHVU,Forest,Forest,NA,1,NA,NA,NA,NA,NA,NA,NA,1,NA,NA,NA,NA,NA,NA,NA,NA,NA,NA,NA,NA,NA,NA,NA,NA,NA,NA,NA,NA,NA,NA,NA,NA,NA,NA,NA,NA,NA
Anthus richardi,Richard's Pipit,NA,RIPI,Grassland,Grassland,1,1,NA,NA,1,NA,NA,NA,NA,NA,NA,NA,NA,NA,NA,NA,NA,NA,NA,NA,NA,NA,1,NA,NA,NA,NA,NA,NA,NA,NA,NA,NA,NA,NA,NA,NA,NA,NA
Columba livia,Rock Pigeon,RP,ROPI,Generalist,None,NA,NA,NA,1,NA,NA,NA,NA,NA,NA,NA,NA,NA,NA,NA,NA,NA,NA,NA,NA,NA,NA,NA,NA,NA,NA,NA,NA,NA,NA,NA,NA,1,NA,NA,NA,NA,NA,NA
Pastor roseus,Rosy Starling,NA,ROST,Generalist,None,NA,1,1,1,NA,NA,NA,NA,NA,NA,NA,1,NA,NA,NA,NA,NA,NA,NA,NA,NA,NA,1,NA,NA,NA,NA,NA,NA,NA,NA,NA,NA,NA,NA,NA,NA,NA,NA
Psittacula krameri,Rose-Ringed Parakeet,RRP,RRPA,Generalist,None,NA,NA,1,1,NA,NA,NA,NA,NA,1,NA,NA,NA,NA,NA,NA,1,NA,NA,NA,NA,NA,NA,NA,NA,NA,NA,NA,NA,NA,NA,NA,NA,NA,NA,NA,NA,NA,NA
Ficedula ruficauda,Rusty-tailed Flycatcher,NA,RTFL,Forest,Forest,NA,NA,NA,NA,NA,NA,NA,NA,NA,NA,NA,NA,NA,1,NA,NA,1,NA,NA,NA,1,NA,NA,NA,NA,NA,NA,NA,NA,NA,NA,NA,NA,NA,NA,NA,NA,NA,NA
Argya subrufa,Rufous Babbler,RB,RUBA,Wooded Habitat,None,NA,NA,NA,NA,NA,NA,NA,NA,NA,NA,NA,NA,NA,NA,NA,NA,NA,NA,NA,NA,NA,NA,NA,NA,NA,NA,NA,NA,NA,NA,NA,NA,NA,NA,NA,NA,NA,NA,NA
Micropternus brachyurus,Rufous Woodpecker,NA,RUWO,Wooded Habitat,Wooded Habitat,NA,NA,1,NA,NA,NA,NA,NA,NA,1,NA,NA,NA,1,1,NA,1,NA,NA,NA,NA,NA,NA,NA,NA,NA,NA,NA,NA,NA,NA,NA,NA,NA,NA,NA,NA,NA,NA
Pycnonotus cafer,Red-vented Bulbul,RVB,RVBU,Generalist,None,NA,NA,1,1,NA,NA,NA,NA,NA,1,NA,1,NA,NA,NA,NA,NA,NA,NA,NA,NA,NA,NA,NA,NA,NA,NA,NA,NA,NA,NA,NA,NA,NA,NA,NA,NA,NA,NA
Pycnonotus jocosus,Red-whiskered Bulbul,RWB,RWBU,Generalist,None,NA,NA,1,1,NA,NA,NA,NA,NA,NA,NA,NA,NA,NA,NA,NA,1,NA,NA,NA,NA,NA,NA,NA,NA,NA,NA,NA,NA,NA,NA,NA,NA,NA,NA,NA,NA,NA,NA
Vanellus indicus,Red-wattled Lapwing,RWL,RWLA,Generalist,None,1,1,1,1,1,NA,1,NA,NA,NA,NA,NA,1,NA,NA,NA,NA,NA,NA,NA,NA,NA,1,NA,NA,1,NA,NA,NA,NA,NA,1,NA,NA,NA,NA,NA,NA,NA
Rhipidura albogularis,Spot-breasted Fantail,NA,SBFA,Wooded Habitat,Wooded Habitat,NA,NA,1,NA,NA,NA,NA,NA,NA,1,NA,NA,NA,NA,NA,NA,1,NA,NA,NA,NA,NA,NA,NA,NA,NA,NA,NA,NA,NA,NA,NA,NA,NA,NA,NA,NA,NA,NA
Lonchura punctulata,Scaly-breasted Munia,NA,SBMU,Generalist,None,NA,1,1,1,NA,NA,NA,NA,NA,1,NA,NA,NA,NA,NA,NA,NA,NA,NA,NA,NA,NA,NA,NA,NA,NA,NA,NA,NA,NA,NA,NA,NA,NA,NA,NA,NA,NA,NA
Accipiter badius,Shikra,SKR,SHIK,Generalist,None,NA,NA,1,1,NA,NA,NA,NA,NA,1,NA,NA,NA,NA,NA,NA,NA,NA,NA,NA,NA,NA,NA,NA,NA,NA,NA,NA,NA,NA,NA,NA,NA,NA,NA,NA,NA,NA,NA
Gracula indica,Southern Hill Myna,SHM,SHMY,Wooded Habitat,Wooded Habitat,NA,NA,1,NA,NA,NA,NA,NA,NA,NA,NA,NA,NA,1,NA,NA,1,NA,NA,NA,NA,NA,NA,NA,NA,NA,NA,NA,NA,NA,NA,NA,NA,NA,NA,NA,NA,NA,NA
Taccocua leschenaultii,Sirkeer Malkoha,NA,SIMA,Wooded Habitat,Scrub,NA,NA,NA,NA,NA,NA,NA,NA,NA,1,NA,1,NA,NA,NA,NA,NA,NA,NA,NA,NA,NA,NA,NA,NA,NA,NA,NA,NA,NA,NA,1,NA,NA,NA,NA,NA,NA,NA
Pericrocotus cinnamomeus,Small Minivet,NA,SMMI,Wooded Habitat,Wooded Habitat,NA,NA,1,NA,NA,NA,NA,NA,NA,1,NA,1,NA,NA,NA,NA,NA,NA,NA,NA,NA,NA,NA,NA,NA,NA,NA,NA,NA,NA,NA,NA,NA,NA,NA,NA,NA,NA,NA
Streptopelia chinensis,Spotted Dove,SD,SPDO,Generalist,None,NA,1,1,1,NA,NA,NA,NA,NA,1,NA,NA,NA,NA,NA,NA,1,NA,NA,NA,NA,NA,NA,NA,NA,NA,NA,NA,NA,NA,NA,NA,NA,NA,NA,NA,NA,NA,NA
Picumnus innominatus,Speckled Piculet,NA,SPPI,Forest,Forest,NA,NA,NA,NA,NA,NA,NA,NA,NA,NA,NA,NA,NA,1,NA,NA,1,1,1,1,1,NA,NA,NA,NA,NA,NA,NA,NA,NA,NA,NA,NA,NA,NA,NA,NA,NA,NA
Hypsipetes ganeesa,Square-tailed Bulbul,STB,STBU,Wooded Habitat,Wooded Habitat,NA,NA,NA,NA,NA,NA,NA,NA,NA,NA,NA,NA,NA,NA,NA,NA,NA,NA,NA,NA,NA,NA,NA,NA,NA,NA,NA,NA,NA,NA,NA,NA,NA,NA,NA,NA,NA,NA,NA
Circaetus gallicus,Short-toed Snake-Eagle,NA,STSE,Grassland,Grassland and Scrub,NA,NA,NA,NA,1,1,NA,1,NA,1,1,1,1,NA,NA,NA,NA,NA,NA,NA,NA,NA,NA,NA,NA,NA,NA,NA,NA,NA,NA,NA,NA,NA,NA,NA,NA,NA,NA
Picus xanthopygaeus,Streak-throated Woodpecker,STW,STWO,Wooded Habitat,Wooded Habitat,NA,NA,1,NA,NA,NA,NA,NA,NA,1,NA,NA,NA,NA,NA,NA,1,NA,1,NA,1,NA,NA,NA,NA,NA,NA,NA,NA,NA,NA,NA,NA,NA,NA,NA,NA,NA,NA
Iduna rama,Sykes's Warbler,NA,SYWA,Wooded Habitat,Wooded Habitat,NA,NA,NA,NA,NA,NA,NA,NA,NA,1,NA,1,1,NA,NA,NA,NA,NA,NA,NA,NA,NA,NA,NA,NA,NA,NA,NA,NA,NA,NA,1,NA,NA,NA,NA,NA,NA,NA
Dumetia hyperythra,Tawny-bellied Babbler,NA,TBBA,Wooded Habitat,None,NA,NA,1,NA,1,NA,NA,NA,NA,1,NA,1,NA,NA,NA,NA,1,NA,NA,NA,NA,NA,NA,NA,NA,NA,NA,NA,NA,NA,NA,NA,NA,NA,NA,NA,NA,NA,NA
Cyornis tickelliae,Tickell's Blue Flycatcher,TBF,TBFL,Wooded Habitat,Wooded Habitat,NA,NA,1,NA,NA,NA,NA,NA,NA,1,NA,NA,NA,NA,NA,NA,1,NA,NA,NA,NA,NA,NA,NA,NA,NA,NA,NA,NA,NA,NA,NA,NA,NA,NA,NA,NA,NA,NA
Dicaeum agile,Thick-billed Flowerpecker,NA,TBFP,Wooded Habitat,None,NA,NA,1,1,NA,NA,NA,NA,NA,1,NA,NA,NA,1,NA,NA,1,NA,NA,NA,NA,NA,NA,NA,NA,NA,NA,NA,NA,NA,NA,NA,NA,NA,NA,NA,NA,NA,NA
Phylloscopus affinis,Tickell's Leaf Warbler,TLW,TLWA,Wooded Habitat,None,NA,1,1,NA,NA,NA,NA,NA,NA,NA,NA,NA,NA,NA,NA,NA,NA,NA,NA,NA,1,NA,NA,NA,NA,NA,NA,NA,NA,NA,NA,NA,1,NA,NA,NA,NA,NA,NA
Phylloscopus tytleri,Tytler's Leaf Warbler,NA,TYLW,Wooded Habitat,Wooded Habitat,NA,NA,1,NA,NA,NA,NA,NA,NA,NA,NA,NA,NA,1,NA,1,1,NA,1,NA,1,NA,NA,NA,NA,NA,NA,NA,NA,NA,NA,NA,NA,NA,NA,NA,NA,NA,NA
Eumyias thalassinus,Verditer Flycatcher,NA,VEFL,Wooded Habitat,Wooded Habitat,NA,NA,1,NA,NA,NA,NA,NA,NA,1,NA,NA,NA,NA,NA,NA,1,1,1,1,1,NA,NA,NA,NA,NA,NA,NA,NA,NA,NA,NA,NA,NA,NA,NA,NA,NA,NA
Sitta frontalis,Velvet-fronted Nuthatch,VFN,VFNU,Wooded Habitat,Wooded Habitat,NA,NA,1,NA,NA,NA,NA,NA,NA,NA,NA,NA,NA,1,1,NA,1,NA,NA,NA,1,NA,NA,NA,NA,NA,NA,NA,NA,NA,NA,NA,NA,1,NA,NA,NA,NA,NA
Loriculus vernalis,Vernal Hanging-Parrot,VHP,VHPA,Wooded Habitat,Wooded Habitat,NA,NA,1,NA,NA,NA,NA,NA,NA,1,NA,NA,NA,1,NA,NA,1,NA,NA,NA,NA,NA,NA,NA,NA,NA,NA,NA,NA,NA,NA,NA,NA,NA,NA,NA,NA,NA,NA
Pterorhinus delesserti,Wayanad Laughingthrush,WLT,WALA,Forest,Tropical Forest,NA,NA,NA,NA,NA,NA,NA,NA,NA,NA,NA,NA,NA,NA,NA,NA,NA,NA,NA,NA,NA,NA,NA,NA,NA,NA,NA,NA,NA,NA,NA,NA,NA,NA,NA,NA,NA,NA,NA
Cyornis pallidipes,White-bellied Blue Flycatcher,NA,WBBF,Forest,Tropical Forest,NA,NA,NA,NA,NA,NA,NA,NA,NA,NA,NA,NA,NA,1,NA,1,1,NA,NA,NA,NA,NA,NA,NA,NA,NA,NA,NA,NA,NA,NA,NA,NA,NA,NA,NA,NA,NA,NA
Dicrurus caerulescens,White-bellied Drongo,NA,WBDR,Wooded Habitat,Wooded Habitat,NA,NA,1,NA,NA,NA,NA,NA,NA,1,NA,NA,NA,NA,1,NA,NA,NA,NA,NA,NA,NA,NA,NA,NA,NA,NA,NA,NA,NA,NA,NA,NA,NA,NA,NA,NA,NA,NA
Rhipidura aureola,White-browed Fantail,NA,WBFA,Wooded Habitat,Wooded Habitat,NA,NA,1,NA,NA,NA,NA,NA,NA,1,NA,1,NA,NA,NA,NA,NA,NA,NA,NA,NA,NA,NA,NA,NA,NA,NA,NA,NA,NA,NA,NA,NA,NA,NA,NA,NA,NA,NA
Amaurornis phoenicurus,White-breasted Waterhen,WBWH,WBWA,Aquatic,None,1,NA,1,1,NA,NA,1,NA,1,1,NA,1,NA,NA,NA,NA,1,NA,NA,NA,NA,NA,1,NA,NA,1,NA,NA,NA,NA,NA,NA,NA,1,NA,NA,NA,NA,NA
Dryocopus javensis,White-bellied Woodpecker,NA,WBWO,Forest,Tropical Forest,NA,NA,NA,NA,NA,NA,NA,NA,NA,NA,NA,NA,NA,1,NA,NA,1,NA,NA,NA,NA,NA,NA,NA,NA,NA,NA,NA,NA,NA,NA,NA,NA,NA,NA,NA,NA,NA,NA
Motacilla maderaspatensis,White-browed Wagtail,WBWT,WBWT,Generalist,None,NA,1,NA,1,NA,NA,NA,NA,NA,NA,NA,NA,NA,NA,NA,NA,NA,NA,NA,NA,NA,NA,NA,NA,NA,1,NA,NA,NA,NA,NA,NA,NA,NA,NA,NA,1,NA,NA
Psilopogon viridis,White-cheeked Barbet,WCB,WCBA,Generalist,None,NA,NA,1,1,NA,NA,NA,NA,NA,1,NA,NA,NA,1,NA,NA,1,NA,NA,NA,NA,NA,NA,NA,NA,NA,NA,NA,NA,NA,NA,NA,NA,NA,NA,NA,NA,NA,NA
Phylloscopus occipitalis,Western Crowned Warbler,NA,WCWA,Wooded Habitat,Wooded Habitat,NA,NA,1,NA,NA,NA,NA,NA,NA,NA,NA,NA,NA,1,NA,NA,1,NA,1,NA,1,NA,NA,NA,NA,NA,NA,NA,NA,NA,NA,NA,NA,NA,NA,NA,NA,NA,NA
Motacilla alba,White Wagtail,NA,WHWA,Aquatic,Wetland,1,NA,NA,NA,NA,NA,NA,NA,NA,NA,NA,NA,NA,NA,NA,NA,NA,NA,NA,NA,NA,NA,1,NA,NA,1,NA,NA,NA,NA,NA,NA,NA,NA,NA,NA,1,NA,NA
Chrysocolaptes festivus,White-naped Woodpecker,NA,WNWO,Wooded Habitat,Scrub,NA,NA,NA,NA,NA,NA,NA,NA,NA,1,NA,1,NA,NA,NA,NA,NA,NA,NA,NA,NA,NA,NA,NA,NA,NA,NA,NA,NA,NA,NA,NA,NA,NA,NA,NA,NA,NA,NA
Gallinago nemoricola,Wood Snipe,NA,WOSN,Grassland,Grassland and Scrub,NA,NA,NA,NA,NA,NA,NA,NA,NA,NA,NA,NA,NA,NA,NA,NA,NA,NA,NA,NA,NA,NA,1,1,1,NA,NA,NA,NA,NA,NA,NA,NA,NA,NA,NA,NA,NA,NA
Lonchura striata,White-rumped Munia,NA,WRMU,Generalist,None,NA,1,1,NA,NA,NA,NA,NA,NA,1,NA,NA,NA,NA,NA,NA,NA,NA,NA,NA,NA,NA,NA,NA,NA,NA,NA,NA,NA,NA,NA,NA,NA,NA,NA,NA,NA,NA,NA
Copsychus malabaricus,White-Rumped Shama,WRS,WRSH,Forest,Forest,NA,NA,NA,NA,NA,NA,NA,NA,NA,1,NA,NA,NA,1,1,NA,1,NA,NA,NA,NA,NA,NA,NA,NA,NA,NA,NA,NA,NA,NA,NA,NA,NA,NA,NA,NA,NA,NA
Halcyon smyrnensis,White-throated Kingfisher,WTK,WTKI,Aquatic,None,NA,1,1,1,NA,NA,NA,NA,NA,NA,NA,NA,NA,NA,NA,NA,NA,NA,NA,NA,NA,NA,NA,NA,NA,1,NA,NA,NA,NA,NA,NA,NA,1,NA,NA,NA,NA,NA
Motacilla flava,Western Yellow Wagtail,NA,WYWA,Grassland,Open Habitat,1,1,NA,NA,1,NA,NA,NA,NA,NA,NA,NA,NA,NA,NA,NA,NA,NA,NA,NA,NA,NA,NA,NA,NA,1,NA,NA,NA,NA,NA,NA,NA,NA,NA,NA,NA,NA,NA
Argya affinis,Yellow-billed babbler,NA,YBBA,Generalist,None,NA,NA,NA,NA,NA,NA,NA,NA,NA,NA,NA,NA,NA,NA,NA,NA,NA,NA,NA,NA,NA,NA,NA,NA,NA,NA,NA,NA,NA,NA,NA,NA,NA,NA,NA,NA,NA,NA,NA
Iole indica,Yellow-browed Bulbul,YBB,YBBU,Wooded Habitat,Wooded Habitat,NA,NA,1,NA,NA,NA,NA,NA,NA,NA,NA,NA,NA,1,NA,1,1,NA,NA,NA,NA,NA,NA,NA,NA,NA,NA,NA,NA,NA,NA,NA,NA,NA,NA,NA,NA,NA,NA
Chrysomma sinense,Yellow-eyed Babbler,NA,YEBA,Grassland,Grassland and Scrub,NA,NA,NA,NA,1,NA,NA,NA,NA,NA,NA,1,NA,NA,NA,NA,NA,NA,NA,NA,NA,NA,NA,NA,NA,NA,NA,NA,NA,NA,NA,NA,NA,NA,NA,NA,NA,NA,NA
Gymnoris xanthocollis,Yellow-throated Sparrow,YTS,YTSP,Wooded Habitat,Wooded Habitat,NA,NA,NA,NA,NA,NA,NA,NA,NA,NA,NA,NA,NA,NA,NA,NA,NA,NA,NA,NA,NA,NA,NA,NA,NA,NA,NA,NA,NA,NA,NA,NA,NA,NA,NA,NA,NA,NA,NA
