"scientific_name","site","year","relAbundance"
"Acridotheres fuscus","CNRG","1850",0.0100993759676582
"Acridotheres fuscus","LWSL","1850",0.0127634313403425
"Acridotheres fuscus","OTCM","1850",0.0394113387507591
"Acridotheres fuscus","BGOT","2021",0.0256742617668153
"Acridotheres fuscus","CNRG","2021",0.00802903167676575
"Acridotheres fuscus","GVSL","2021",0.0868568350767412
"Acridotheres fuscus","KDND","2021",0.0655928130716339
"Acridotheres fuscus","KJPN","2021",0.020484638772285
"Acridotheres fuscus","KKTG","2021",0.0366594010120324
"Acridotheres fuscus","KLHT","2021",0.0958904796720573
"Acridotheres fuscus","KMFD","2021",0.00989915949738786
"Acridotheres fuscus","KNSL","2021",0.115281262475993
"Acridotheres fuscus","OTCM","2021",0.0237028991360166
"Acridotheres fuscus","RNMD","2021",0.00733571078082138
"Acridotheres fuscus","SMPK","2021",0.020298264537556
"Acridotheres fuscus","WLTN","2021",0.0260692145445591
"Acrocephalus dumetorum","CNRG","1850",0.0126271415531482
"Acrocephalus dumetorum","OTCM","1850",0.0164700049530093
"Acrocephalus dumetorum","GDLR","1850",0.0573732485556416
"Acrocephalus dumetorum","BGOT","2021",0.0383474706088062
"Acrocephalus dumetorum","CNRG","2021",0.0401185537606809
"Acrocephalus dumetorum","GVSL","2021",0.0290485963047444
"Acrocephalus dumetorum","KDND","2021",0.0559016051128563
"Acrocephalus dumetorum","KJPN","2021",0.0407682284130751
"Acrocephalus dumetorum","KKTG","2021",0.0481965573866401
"Acrocephalus dumetorum","KLHT","2021",0.0639594861944517
"Acrocephalus dumetorum","KMFD","2021",0.0248775083407661
"Acrocephalus dumetorum","KNSL","2021",0.0245686941781816
"Acrocephalus dumetorum","OTCM","2021",0.027603077396274
"Acrocephalus dumetorum","RNMD","2021",0.0332022244153013
"Acrocephalus dumetorum","SMPK","2021",0.0300327913541566
"Acrocephalus dumetorum","WLTN","2021",0.022415523496657
"Acrocephalus dumetorum","AVLC","2021",0.0206891486979973
"Acrocephalus dumetorum","BVLR","2021",0.0325300481903211
"Acrocephalus dumetorum","FHEK","2021",0.037109961547807
"Acrocephalus dumetorum","GDLR","2021",0.035074298549642
"Acrocephalus dumetorum","HTHP","2021",0.0295029386053658
"Acrocephalus dumetorum","KUKL","2021",0.033532170195279
"Acrocephalus dumetorum","KULR","2021",0.0268802999265644
"Acrocephalus dumetorum","LVDL","2021",0.0133312665412277
"Acrocephalus dumetorum","NDVT","2021",0.0392934561235104
"Acrocephalus dumetorum","TMTE","2021",0.0510907810352094
"Acrocephalus dumetorum","TSTE","2021",0.0279921988530221
"Aegithina tiphia","CNRG","1850",0.0175207392172222
"Aegithina tiphia","OTCM","1850",0.00412779088300748
"Aegithina tiphia","NDVT","1850",0.0343458611718575
"Aegithina tiphia","CNRG","2021",0.00804433557839801
"Aegithina tiphia","KJPN","2021",0.0204859697580314
"Aegithina tiphia","KMFD","2021",0.0100331132753246
"Aegithina tiphia","RNMD","2021",0.00750368797366343
"Aegithina tiphia","HTHP","2021",0.0198811377499598
"Aegithina tiphia","KULR","2021",0.0597328555110723
"Aegithina tiphia","LVDL","2021",0.0133804035041323
"Alcippe poioicephala","CNRG","1850",0.020175238108233
"Alcippe poioicephala","GDLR","1850",0.0859718142992476
"Alcippe poioicephala","NDVT","1850",0.0512989088282309
"Alcippe poioicephala","KJPN","2021",0.101943829303874
"Alcippe poioicephala","RNMD","2021",0.0184475028349976
"Alcippe poioicephala","WLTN","2021",0.011177783174947
"Alcippe poioicephala","AVLC","2021",0.0258063214482684
"Alcippe poioicephala","BVLR","2021",0.0327493771239688
"Alcippe poioicephala","GDLR","2021",0.0234934277966675
"Alcippe poioicephala","HTHP","2021",0.0591548044094879
"Alcippe poioicephala","NDVT","2021",0.0312037642572168
"Alcippe poioicephala","TSTE","2021",0.0377047405714096
"Alcippe poioicephala","LWSL","2021",0.0167635189683584
"Amandava amandava","CNRG","1850",0.0175637636306382
"Amandava amandava","LWSL","1850",0.0320011085647526
"Amandava amandava","OTCM","1850",0.0269207018561327
"Anthus nilghiriensis","CNRG","1850",0.00757779534125291
"Anthus nilghiriensis","LWSL","1850",0.0257495498186714
"Anthus nilghiriensis","OTCM","1850",0.0477405614814305
"Anthus nilghiriensis","NDVT","1850",0.0690074030456503
"Anthus nilghiriensis","WTCM","2021",0.148656379220666
"Argya subrufa","CNRG","1850",0.0176626895321503
"Argya subrufa","LWSL","1850",0.0254491671858494
"Argya subrufa","BVLR","2021",0.0219370743507588
"Cacomantis passerinus","LWSL","1850",0.0322765298187371
"Cacomantis passerinus","CNRG","2021",0.0080071263618027
"Carpodacus erythrinus","CNRG","1850",0.00503041919124978
"Carpodacus erythrinus","OTCM","1850",0.0103629988867254
"Carpodacus erythrinus","CNRG","2021",0.00800162826648152
"Carpodacus erythrinus","GVSL","2021",0.0289832637866784
"Carpodacus erythrinus","KDND","2021",0.0188059354429076
"Carpodacus erythrinus","KLHT","2021",0.0159677998918069
"Carpodacus erythrinus","DDBT","2021",0.0193290017159562
"Centropus sinensis","OTCM","1850",0.0124102725112509
"Centropus sinensis","CNRG","2021",0.0120203256753298
"Centropus sinensis","KDND","2021",0.0280726111947605
"Centropus sinensis","KJPN","2021",0.0204841567381388
"Centropus sinensis","KKTG","2021",0.0236511061222215
"Centropus sinensis","KLHT","2021",0.0401468806495885
"Centropus sinensis","KMFD","2021",0.0150601721115904
"Centropus sinensis","KNSL","2021",0.0165110515332176
"Centropus sinensis","BVLR","2021",0.0109275624072325
"Centropus sinensis","FHEK","2021",0.0276658482197964
"Centropus sinensis","KUKL","2021",0.0164985133069818
"Centropus sinensis","LVDL","2021",0.0337594880392342
"Centropus sinensis","NDVT","2021",0.0155298580795844
"Centropus sinensis","TMTE","2021",0.0204150762979333
"Chalcophaps indica","CNRG","1850",0.00503801396370573
"Chalcophaps indica","NDVT","1850",0.0345618587132196
"Chalcophaps indica","BVLR","1850",0.136783545717322
"Chalcophaps indica","KJPN","2021",0.0205128969136007
"Chalcophaps indica","WLTN","2021",0.014860879877435
"Chloropsis aurifrons","CNRG","1850",0.0125270382824466
"Chloropsis aurifrons","NDVT","1850",0.034729441634249
"Chloropsis aurifrons","BVLR","1850",0.103443963779244
"Chloropsis aurifrons","KULR","1850",0.0622458974667531
"Chloropsis aurifrons","BVLR","2021",0.016274204830186
"Chrysocolaptes guttacristatus","CNRG","1850",0.0175651003323982
"Chrysocolaptes guttacristatus","LWSL","1850",0.019332746136803
"Chrysocolaptes guttacristatus","OTCM","1850",0.0144756599422278
"Chrysocolaptes guttacristatus","KMFD","2021",0.00993650053726843
"Chrysocolaptes guttacristatus","AVLC","2021",0.0103651297130292
"Chrysocolaptes guttacristatus","FHEK","2021",0.0277396428532269
"Chrysocolaptes guttacristatus","GDLR","2021",0.0234096829878138
"Chrysocolaptes guttacristatus","TMTE","2021",0.020658920704198
"Cinnyris asiaticus","CNRG","1850",0.0125730835331461
"Cinnyris asiaticus","OTCM","1850",0.0186504611854802
"Cinnyris asiaticus","CNRG","2021",0.00803583121818163
"Cinnyris asiaticus","KDND","2021",0.0278712741216971
"Cinnyris asiaticus","KLHT","2021",0.0160016679787012
"Cinnyris asiaticus","OTCM","2021",0.00783394969510933
"Cinnyris asiaticus","RNMD","2021",0.00740186183113111
"Cinnyris asiaticus","WLTN","2021",0.0223697516610245
"Cinnyris asiaticus","KUKL","2021",0.024773960841163
"Cinnyris asiaticus","KULR","2021",0.0330946584045934
"Clamator jacobinus","CNRG","1850",0.00755849939158334
"Clamator jacobinus","LWSL","1850",0.0126883480925357
"Clamator jacobinus","OTCM","1850",0.00416314126172875
"Columba elphinstonii","CNRG","1850",0.00750655717577331
"Columba elphinstonii","LWSL","1850",0.0253616622667794
"Columba elphinstonii","OTCM","1850",0.0124656592811728
"Columba elphinstonii","NDVT","1850",0.0859727766119211
"Columba elphinstonii","KKTG","2021",0.0238626550756016
"Columba elphinstonii","KMFD","2021",0.0101186595000804
"Columba elphinstonii","SMPK","2021",0.161773960592643
"Columba elphinstonii","FHEK","2021",0.0277497713248958
"Columba elphinstonii","LVDL","2021",0.0468561041525362
"Columba elphinstonii","TMTE","2021",0.0713385287670087
"Columba elphinstonii","TSTE","2021",0.0463439857720034
"Columba elphinstonii","LWSL","2021",0.0336935666098038
"Columba elphinstonii","DDBT","2021",0.0586345418897552
"Corvus macrorhynchos","OTCM","1850",0.0123880378537163
"Corvus macrorhynchos","BGOT","2021",0.167052956541949
"Corvus macrorhynchos","CNRG","2021",0.0844573583674315
"Corvus macrorhynchos","GVSL","2021",0.143874180098377
"Corvus macrorhynchos","KDND","2021",0.0655600303432011
"Corvus macrorhynchos","KKTG","2021",0.0968416606840163
"Corvus macrorhynchos","KLHT","2021",0.263735946969028
"Corvus macrorhynchos","KMFD","2021",0.0302598207968744
"Corvus macrorhynchos","KNSL","2021",0.098467770441371
"Corvus macrorhynchos","OTCM","2021",0.118439016082645
"Corvus macrorhynchos","RNMD","2021",0.0593954171375808
"Corvus macrorhynchos","SMPK","2021",0.0705912653993599
"Corvus macrorhynchos","WLTN","2021",0.085794772237886
"Corvus macrorhynchos","AVLC","2021",0.0673484197588567
"Corvus macrorhynchos","BVLR","2021",0.0217907101342471
"Corvus macrorhynchos","FHEK","2021",0.0648438699179075
"Corvus macrorhynchos","HTHP","2021",0.0691350882783344
"Corvus macrorhynchos","KUKL","2021",0.0746322078449745
"Corvus macrorhynchos","LVDL","2021",0.0604772675173188
"Corvus macrorhynchos","NDVT","2021",0.0860563392528061
"Corvus macrorhynchos","TMTE","2021",0.0408788555393015
"Corvus macrorhynchos","LWSL","2021",0.0843057815880806
"Corvus macrorhynchos","WTCM","2021",0.0346170958232234
"Corvus macrorhynchos","DDBT","2021",0.0486237605945216
"Corvus macrorhynchos","EMVL","2021",0.0435921757226174
"Culicicapa ceylonensis","CNRG","1850",0.0101124765084017
"Culicicapa ceylonensis","OTCM","1850",0.00826979961733801
"Culicicapa ceylonensis","BGOT","2021",0.0257618852986745
"Culicicapa ceylonensis","CNRG","2021",0.00812051638172707
"Culicicapa ceylonensis","GVSL","2021",0.0385297647789268
"Culicicapa ceylonensis","KMFD","2021",0.0349554126712461
"Culicicapa ceylonensis","OTCM","2021",0.0393479847512571
"Culicicapa ceylonensis","RNMD","2021",0.0148487415374988
"Culicicapa ceylonensis","SMPK","2021",0.0302987886836346
"Culicicapa ceylonensis","WLTN","2021",0.00749859122608925
"Culicicapa ceylonensis","AVLC","2021",0.0569400058976306
"Culicicapa ceylonensis","BVLR","2021",0.0327011357776101
"Culicicapa ceylonensis","FHEK","2021",0.0278327722738758
"Culicicapa ceylonensis","GDLR","2021",0.023216936361765
"Culicicapa ceylonensis","HTHP","2021",0.0789834273244433
"Culicicapa ceylonensis","LVDL","2021",0.0335618950078738
"Culicicapa ceylonensis","NDVT","2021",0.0389885782151794
"Culicicapa ceylonensis","TMTE","2021",0.0511783058939074
"Culicicapa ceylonensis","TSTE","2021",0.0845571567778484
"Culicicapa ceylonensis","LWSL","2021",0.0671405859795131
"Culicicapa ceylonensis","WTCM","2021",0.0689974768146856
"Culicicapa ceylonensis","DDBT","2021",0.0195189685268425
"Culicicapa ceylonensis","EMVL","2021",0.0435392983612333
"Cyornis pallidipes","CNRG","1850",0.00752609251849662
"Cyornis pallidipes","LWSL","1850",0.0127946641909828
"Cyornis pallidipes","GDLR","1850",0.0860537972393496
"Dicaeum concolor","CNRG","1850",0.0378431890668623
"Dicaeum concolor","LWSL","1850",0.0893692982015929
"Dicaeum concolor","OTCM","1850",0.0352385935317607
"Dicaeum concolor","GDLR","1850",0.085750533625956
"Dicaeum concolor","BGOT","2021",0.115574353914458
"Dicaeum concolor","CNRG","2021",0.0602447782317459
"Dicaeum concolor","GVSL","2021",0.0579968413289027
"Dicaeum concolor","KDND","2021",0.0185743337306137
"Dicaeum concolor","KJPN","2021",0.0713085288232088
"Dicaeum concolor","KKTG","2021",0.0481215059332269
"Dicaeum concolor","KLHT","2021",0.0400884264213172
"Dicaeum concolor","KMFD","2021",0.0348429546062024
"Dicaeum concolor","KNSL","2021",0.0326110303470268
"Dicaeum concolor","OTCM","2021",0.074703651011551
"Dicaeum concolor","RNMD","2021",0.0334305124919774
"Dicaeum concolor","SMPK","2021",0.0606648428196478
"Dicaeum concolor","WLTN","2021",0.0748886801075308
"Dicaeum concolor","AVLC","2021",0.0518370325943698
"Dicaeum concolor","BVLR","2021",0.0596596172117437
"Dicaeum concolor","FHEK","2021",0.0182546173378224
"Dicaeum concolor","GDLR","2021",0.0231998927306537
"Dicaeum concolor","HTHP","2021",0.0399004619578218
"Dicaeum concolor","KUKL","2021",0.0833781467359865
"Dicaeum concolor","KULR","2021",0.0594160388400551
"Dicaeum concolor","LVDL","2021",0.0134511445147633
"Dicaeum concolor","NDVT","2021",0.0393206945251905
"Dicaeum concolor","TMTE","2021",0.0203910142511623
"Dicaeum concolor","TSTE","2021",0.028485941314845
"Dicaeum concolor","LWSL","2021",0.0249217540631359
"Dicrurus aeneus","CNRG","1850",0.00504290850690616
"Dicrurus aeneus","OTCM","1850",0.00628566332810131
"Dicrurus aeneus","BVLR","1850",0.0690161426468973
"Dicrurus aeneus","KULR","1850",0.0832289695991077
"Dicrurus aeneus","KULR","2021",0.0265613348891554
"Dicrurus paradiseus","CNRG","1850",0.00761304145631942
"Dicrurus paradiseus","LWSL","1850",0.0127578679541481
"Dicrurus paradiseus","OTCM","1850",0.00415987232127679
"Dicrurus paradiseus","GDLR","1850",0.0564176811050007
"Dicrurus paradiseus","KULR","1850",0.104018562187233
"Dicrurus paradiseus","KULR","2021",0.0132733897809429
"Dinopium benghalense","CNRG","1850",0.0075319413663283
"Dinopium benghalense","BVLR","1850",0.0685822836801252
"Dinopium benghalense","KULR","1850",0.0423561772691999
"Dinopium benghalense","WLTN","2021",0.00754646288195253
"Dinopium benghalense","KULR","2021",0.013218310335389
"Dumetia atriceps","CNRG","1850",0.00505778440729719
"Dumetia atriceps","LWSL","1850",0.0191375027985403
"Dumetia atriceps","GDLR","1850",0.0861149895351223
"Dumetia atriceps","RNMD","2021",0.00738131535786046
"Eumyias albicaudatus","CNRG","1850",0.052936686892091
"Eumyias albicaudatus","LWSL","1850",0.0128692158113006
"Eumyias albicaudatus","OTCM","1850",0.0206914854730242
"Eumyias albicaudatus","NDVT","1850",0.0689183198503031
"Eumyias albicaudatus","BGOT","2021",0.0387820163395993
"Eumyias albicaudatus","CNRG","2021",0.0160862808668591
"Eumyias albicaudatus","KMFD","2021",0.0298805773980927
"Eumyias albicaudatus","OTCM","2021",0.0235102035400421
"Eumyias albicaudatus","RNMD","2021",0.00739179223603971
"Eumyias albicaudatus","WLTN","2021",0.0187659387290816
"Eumyias albicaudatus","AVLC","2021",0.0309517732135852
"Eumyias albicaudatus","BVLR","2021",0.0162552688497376
"Eumyias albicaudatus","FHEK","2021",0.018351455067511
"Eumyias albicaudatus","HTHP","2021",0.0297121757158253
"Eumyias albicaudatus","KUKL","2021",0.016731931693845
"Eumyias albicaudatus","LVDL","2021",0.026967058384362
"Eumyias albicaudatus","NDVT","2021",0.0235233203461106
"Eumyias albicaudatus","TSTE","2021",0.0470310277778712
"Eumyias albicaudatus","LWSL","2021",0.0506433352412058
"Eumyias albicaudatus","WTCM","2021",0.0460232049596814
"Eumyias albicaudatus","DDBT","2021",0.0291808159197667
"Eumyias albicaudatus","EMVL","2021",0.0288893169212711
"Ficedula nigrorufa","CNRG","1850",0.0351906083931191
"Ficedula nigrorufa","LWSL","1850",0.012806218223422
"Ficedula nigrorufa","OTCM","1850",0.0331881340717866
"Ficedula nigrorufa","NDVT","1850",0.0864387879706078
"Ficedula nigrorufa","BGOT","2021",0.0641475340251405
"Ficedula nigrorufa","CNRG","2021",0.0201172111892505
"Ficedula nigrorufa","KDND","2021",0.0185065915000634
"Ficedula nigrorufa","KKTG","2021",0.0483377975807822
"Ficedula nigrorufa","KLHT","2021",0.0159813812703184
"Ficedula nigrorufa","KMFD","2021",0.00998058720879844
"Ficedula nigrorufa","OTCM","2021",0.0513775973435043
"Ficedula nigrorufa","RNMD","2021",0.0148808263996134
"Ficedula nigrorufa","SMPK","2021",0.0502796706318799
"Ficedula nigrorufa","WLTN","2021",0.0148638560634595
"Ficedula nigrorufa","AVLC","2021",0.0364689195935685
"Ficedula nigrorufa","FHEK","2021",0.0184090716312809
"Ficedula nigrorufa","HTHP","2021",0.0296185194455871
"Ficedula nigrorufa","KUKL","2021",0.0415140619928825
"Ficedula nigrorufa","LVDL","2021",0.0202031440693602
"Ficedula nigrorufa","NDVT","2021",0.0312264775472341
"Ficedula nigrorufa","TMTE","2021",0.0306337277401394
"Ficedula nigrorufa","TSTE","2021",0.0375093618103975
"Ficedula nigrorufa","LWSL","2021",0.0502928792329713
"Ficedula nigrorufa","WTCM","2021",0.0229154503232546
"Ficedula nigrorufa","DDBT","2021",0.0288489983575683
"Ficedula nigrorufa","EMVL","2021",0.0869648611916495
"Galerida malabarica","CNRG","1850",0.0252933408649403
"Galerida malabarica","LWSL","1850",0.0192827514468814
"Galerida malabarica","OTCM","1850",0.010343586480519
"Galerida malabarica","KDND","2021",0.0467237798374842
"Galloperdix lunulata","CNRG","1850",0.00753524863027971
"Galloperdix lunulata","OTCM","1850",0.00410435094645187
"Galloperdix lunulata","BVLR","1850",0.0694645831929528
"Galloperdix spadicea","CNRG","1850",0.0452930017318584
"Galloperdix spadicea","LWSL","1850",0.0832324691741219
"Galloperdix spadicea","OTCM","1850",0.0456510845397478
"Galloperdix spadicea","KULR","1850",0.0628427790464262
"Galloperdix spadicea","RNMD","2021",0.0110554424826906
"Galloperdix spadicea","WLTN","2021",0.0148694656311343
"Galloperdix spadicea","BVLR","2021",0.0106160325547987
"Galloperdix spadicea","HTHP","2021",0.0197641772592759
"Galloperdix spadicea","KUKL","2021",0.0166659760170552
"Galloperdix spadicea","KULR","2021",0.0199582246884002
"Galloperdix spadicea","TMTE","2021",0.0205941753522687
"Galloperdix spadicea","TSTE","2021",0.0184829760222364
"Gallus sonneratii","CNRG","1850",0.0176188773449138
"Gallus sonneratii","LWSL","1850",0.102392261917607
"Gallus sonneratii","OTCM","1850",0.0288240253733153
"Gallus sonneratii","CNRG","2021",0.0159898703846683
"Gallus sonneratii","GVSL","2021",0.0478807405849536
"Gallus sonneratii","KDND","2021",0.0745047088963231
"Gallus sonneratii","KJPN","2021",0.040811476525453
"Gallus sonneratii","KKTG","2021",0.0363678045945067
"Gallus sonneratii","KLHT","2021",0.0319900748093113
"Gallus sonneratii","KMFD","2021",0.0399490858134832
"Gallus sonneratii","KNSL","2021",0.04898060305805
"Gallus sonneratii","OTCM","2021",0.0314062928225037
"Gallus sonneratii","RNMD","2021",0.0372231659239494
"Gallus sonneratii","SMPK","2021",0.0199039176054591
"Gallus sonneratii","WLTN","2021",0.026157837329769
"Gallus sonneratii","AVLC","2021",0.0156837222820114
"Gallus sonneratii","BVLR","2021",0.0381131103420837
"Gallus sonneratii","FHEK","2021",0.0465895141916892
"Gallus sonneratii","GDLR","2021",0.0464968982772903
"Gallus sonneratii","HTHP","2021",0.0297968299923917
"Gallus sonneratii","KUKL","2021",0.0415788502666136
"Gallus sonneratii","KULR","2021",0.0329687228550531
"Gallus sonneratii","LVDL","2021",0.0604900822737961
"Gallus sonneratii","NDVT","2021",0.0465688160239272
"Gallus sonneratii","TMTE","2021",0.0715008279572518
"Gallus sonneratii","TSTE","2021",0.0188927616948332
"Gallus sonneratii","LWSL","2021",0.0253100940864729
"Gallus sonneratii","DDBT","2021",0.0388408713965699
"Gallus sonneratii","EMVL","2021",0.0288742062768302
"Gracula indica","LWSL","1850",0.0129436654837836
"Gracula indica","KULR","1850",0.103934318445991
"Gracula indica","WLTN","2021",0.00737683541095857
"Gracula indica","BVLR","2021",0.0485389286179832
"Harpactes fasciatus","CNRG","1850",0.012702895629572
"Harpactes fasciatus","OTCM","1850",0.00415706394115011
"Harpactes fasciatus","NDVT","1850",0.0344959250619045
"Hemipus picatus","CNRG","1850",0.0175942403166856
"Hemipus picatus","OTCM","1850",0.00827935595633377
"Hemipus picatus","GDLR","1850",0.057045449502663
"Hemipus picatus","CNRG","2021",0.0243073578505002
"Hemipus picatus","GVSL","2021",0.0190988841289728
"Hemipus picatus","KJPN","2021",0.0203958066219258
"Hemipus picatus","KKTG","2021",0.023857865987613
"Hemipus picatus","KNSL","2021",0.0165530028819054
"Hemipus picatus","OTCM","2021",0.0118761476595917
"Hemipus picatus","RNMD","2021",0.0260187040639607
"Hemipus picatus","WLTN","2021",0.0224622247805177
"Hemipus picatus","AVLC","2021",0.0155111276804676
"Hemipus picatus","BVLR","2021",0.0108737048817437
"Hemipus picatus","GDLR","2021",0.0580523786937289
"Hemipus picatus","KUKL","2021",0.0417077543544544
"Hemipus picatus","KULR","2021",0.0196007639322631
"Hemipus picatus","LVDL","2021",0.0134293499140827
"Hemipus picatus","NDVT","2021",0.0155621850900696
"Hemipus picatus","LWSL","2021",0.0167964093185204
"Hypsipetes ganeesa","CNRG","1850",0.0050505075742778
"Hypsipetes ganeesa","OTCM","1850",0.0082478903970289
"Hypsipetes ganeesa","KUKL","1850",1
"Hypsipetes ganeesa","CNRG","2021",0.0200868855999884
"Hypsipetes ganeesa","KJPN","2021",0.0307057317568102
"Hypsipetes ganeesa","KKTG","2021",0.0238536343120627
"Hypsipetes ganeesa","RNMD","2021",0.0297369470966738
"Hypsipetes ganeesa","AVLC","2021",0.165945053296477
"Hypsipetes ganeesa","BVLR","2021",0.0926726450281547
"Hypsipetes ganeesa","FHEK","2021",0.0279200947674469
"Hypsipetes ganeesa","GDLR","2021",0.0465351970137619
"Hypsipetes ganeesa","HTHP","2021",0.0693659037768262
"Hypsipetes ganeesa","NDVT","2021",0.038704319113126
"Hypsipetes ganeesa","TMTE","2021",0.0303100861123071
"Hypsipetes ganeesa","TSTE","2021",0.149426121810869
"Hypsipetes ganeesa","LWSL","2021",0.0671706583305542
"Hypsipetes ganeesa","WTCM","2021",0.0807663186573234
"Hypsipetes ganeesa","DDBT","2021",0.0392083968872509
"Hypsipetes ganeesa","EMVL","2021",0.130568158774318
"Iole indica","CNRG","1850",0.0176137537326151
"Iole indica","LWSL","1850",0.0193388805711324
"Iole indica","OTCM","1850",0.00420119270260979
"Iole indica","GDLR","1850",0.0572744819728104
"Iole indica","KULR","1850",0.0413832788469011
"Iole indica","CNRG","2021",0.0120396057893783
"Iole indica","KJPN","2021",0.0924772757913114
"Iole indica","KKTG","2021",0.0243823848424835
"Iole indica","RNMD","2021",0.0185361900825504
"Iole indica","AVLC","2021",0.0155215485842238
"Iole indica","BVLR","2021",0.0979628804408958
"Iole indica","GDLR","2021",0.127944275396745
"Iole indica","HTHP","2021",0.0398132861987232
"Iole indica","KULR","2021",0.0527314626481947
"Iole indica","TMTE","2021",0.0308418047150402
"Iole indica","LWSL","2021",0.0421961471883059
"Irena puella","CNRG","1850",0.0075839449895062
"Irena puella","BVLR","1850",0.0685691758092063
"Irena puella","KULR","1850",0.125085669764318
"Irena puella","KJPN","2021",0.0407130879111226
"Irena puella","RNMD","2021",0.00740035548602207
"Irena puella","BVLR","2021",0.0164570438060248
"Irena puella","KULR","2021",0.0396677662735306
"Lanius schach","CNRG","1850",0.0100288889062841
"Lanius schach","LWSL","1850",0.0128823498836907
"Lanius schach","OTCM","1850",0.0453172780272056
"Lanius schach","CNRG","2021",0.00807984749370698
"Lanius schach","KDND","2021",0.0186780420695864
"Lanius schach","RNMD","2021",0.0110875185538036
"Lanius schach","FHEK","2021",0.0186624065414178
"Lanius schach","KULR","2021",0.0132219365277312
"Larvivora brunnea","CNRG","1850",0.0126384005043601
"Larvivora brunnea","LWSL","1850",0.0193453571248565
"Larvivora brunnea","OTCM","1850",0.00831135500052976
"Larvivora brunnea","BGOT","2021",0.0256092350097917
"Larvivora brunnea","CNRG","2021",0.0243383273750149
"Larvivora brunnea","GVSL","2021",0.0288715480752276
"Larvivora brunnea","KDND","2021",0.0187246272790324
"Larvivora brunnea","KJPN","2021",0.0204872641099056
"Larvivora brunnea","KKTG","2021",0.0364104716247513
"Larvivora brunnea","KLHT","2021",0.0239603921307314
"Larvivora brunnea","KMFD","2021",0.0250291595544681
"Larvivora brunnea","KNSL","2021",0.0164849052821206
"Larvivora brunnea","OTCM","2021",0.0197053255976963
"Larvivora brunnea","RNMD","2021",0.0259880506693396
"Larvivora brunnea","WLTN","2021",0.0185855102037817
"Larvivora brunnea","BVLR","2021",0.0107828654344804
"Larvivora brunnea","FHEK","2021",0.018391586843473
"Larvivora brunnea","HTHP","2021",0.0198825449273699
"Larvivora brunnea","KUKL","2021",0.0165260350051828
"Larvivora brunnea","TMTE","2021",0.0205271756797743
"Larvivora brunnea","LWSL","2021",0.0166998980601833
"Leptocoma minima","CNRG","1850",0.0150809178851942
"Leptocoma minima","LWSL","1850",0.0513744012706029
"Leptocoma minima","CNRG","2021",0.0200849107272944
"Leptocoma minima","KJPN","2021",0.0409206152222633
"Leptocoma minima","KMFD","2021",0.0199964420075569
"Leptocoma minima","KNSL","2021",0.0328556035335246
"Leptocoma minima","OTCM","2021",0.0354826047507904
"Leptocoma minima","RNMD","2021",0.0368626420948355
"Leptocoma minima","WLTN","2021",0.0186888457287383
"Leptocoma minima","AVLC","2021",0.02082677686663
"Leptocoma minima","BVLR","2021",0.0380137517334044
"Leptocoma minima","GDLR","2021",0.0465799887451097
"Leptocoma minima","HTHP","2021",0.0691509307430595
"Leptocoma minima","KUKL","2021",0.0335128792807661
"Leptocoma minima","KULR","2021",0.0333266844591214
"Leptocoma minima","LVDL","2021",0.0134197628457947
"Leptocoma minima","NDVT","2021",0.0940318512237601
"Leptocoma minima","TSTE","2021",0.0372369027872894
"Leptocoma minima","LWSL","2021",0.042002403883114
"Leptocoma minima","WTCM","2021",0.0230336695882936
"Leptocoma minima","DDBT","2021",0.0292293132834248
"Lonchura punctulata","CNRG","1850",0.0201000669181499
"Lonchura punctulata","OTCM","1850",0.0103432452483732
"Lonchura punctulata","WLTN","2021",0.00750633110318646
"Machlolophus aplonotus","CNRG","1850",0.0302444097378248
"Machlolophus aplonotus","LWSL","1850",0.012897811973395
"Machlolophus aplonotus","OTCM","1850",0.00818274025646079
"Machlolophus aplonotus","GDLR","1850",0.0572025358829482
"Machlolophus aplonotus","NDVT","1850",0.0523032349784428
"Machlolophus aplonotus","KULR","2021",0.046248598780115
"Merops leschenaulti","CNRG","1850",0.0100622590601436
"Merops leschenaulti","BVLR","1850",0.104339173371123
"Merops leschenaulti","CNRG","2021",0.0440043567687505
"Merops leschenaulti","KMFD","2021",0.00993618847622896
"Merops leschenaulti","RNMD","2021",0.0295328470836762
"Merops leschenaulti","KUKL","2021",0.0167510185660039
"Merops leschenaulti","KULR","2021",0.0264101423065965
"Merops leschenaulti","NDVT","2021",0.0156152811417106
"Montecincla cachinnans","CNRG","1850",0.0402832680931947
"Montecincla cachinnans","LWSL","1850",0.0129632912240967
"Montecincla cachinnans","OTCM","1850",0.0663847468699997
"Montecincla cachinnans","NDVT","1850",0.0515237304455476
"Montecincla cachinnans","GVSL","2021",0.0289011201432421
"Montecincla cachinnans","KKTG","2021",0.0358037071077544
"Montecincla cachinnans","KMFD","2021",0.0550412166132202
"Montecincla cachinnans","KNSL","2021",0.0245370246235064
"Montecincla cachinnans","OTCM","2021",0.0394396034494829
"Montecincla cachinnans","RNMD","2021",0.011144066794527
"Montecincla cachinnans","WLTN","2021",0.00737124141057848
"Montecincla cachinnans","AVLC","2021",0.0415946565847897
"Montecincla cachinnans","FHEK","2021",0.0740714400065936
"Montecincla cachinnans","KUKL","2021",0.0332764721216883
"Montecincla cachinnans","LVDL","2021",0.107635854785173
"Montecincla cachinnans","NDVT","2021",0.0232334946011389
"Montecincla cachinnans","TMTE","2021",0.030574154155854
"Montecincla cachinnans","TSTE","2021",0.112003657009395
"Montecincla cachinnans","LWSL","2021",0.100693622862485
"Montecincla cachinnans","WTCM","2021",0.149172182831883
"Montecincla cachinnans","DDBT","2021",0.174226583127296
"Montecincla cachinnans","EMVL","2021",0.101067411482045
"Myophonus horsfieldii","CNRG","1850",0.027747924495871
"Myophonus horsfieldii","LWSL","1850",0.0193114475634154
"Myophonus horsfieldii","GDLR","1850",0.0571073773944046
"Myophonus horsfieldii","NDVT","1850",0.0514758309419551
"Myophonus horsfieldii","BVLR","1850",0.0689734164276031
"Myophonus horsfieldii","KULR","1850",0.0627938101855781
"Myophonus horsfieldii","CNRG","2021",0.00803447766288968
"Myophonus horsfieldii","KMFD","2021",0.0150861103836812
"Myophonus horsfieldii","RNMD","2021",0.00742513737456597
"Myophonus horsfieldii","BVLR","2021",0.0434869290771382
"Myophonus horsfieldii","GDLR","2021",0.0464837514710062
"Myophonus horsfieldii","KULR","2021",0.01993661444824
"Myophonus horsfieldii","NDVT","2021",0.031497305602602
"Nyctyornis athertoni","CNRG","1850",0.00506938882626641
"Nyctyornis athertoni","KULR","1850",0.0832842797700895
"Nyctyornis athertoni","RNMD","2021",0.00734982262185437
"Nyctyornis athertoni","WLTN","2021",0.0187989643354961
"Parus cinereus","CNRG","1850",0.00748745540104136
"Parus cinereus","OTCM","1850",0.0206681881914463
"Parus cinereus","BGOT","2021",0.0896351435328725
"Parus cinereus","CNRG","2021",0.0240964701816537
"Parus cinereus","GVSL","2021",0.0480056359892258
"Parus cinereus","KDND","2021",0.0468547771186313
"Parus cinereus","KLHT","2021",0.0478760497877118
"Parus cinereus","KMFD","2021",0.0401404650174737
"Parus cinereus","KNSL","2021",0.0326870232930017
"Parus cinereus","OTCM","2021",0.039312994011146
"Parus cinereus","RNMD","2021",0.0149223728191254
"Parus cinereus","SMPK","2021",0.0507051581691964
"Parus cinereus","WLTN","2021",0.0519547972827341
"Parus cinereus","AVLC","2021",0.0258660829198605
"Parus cinereus","FHEK","2021",0.0277675758335661
"Parus cinereus","GDLR","2021",0.0350284354209505
"Parus cinereus","KUKL","2021",0.0414844132386258
"Parus cinereus","LVDL","2021",0.0132851517964438
"Parus cinereus","WTCM","2021",0.0228532136387002
"Parus cinereus","DDBT","2021",0.0388901650329083
"Pellorneum ruficeps","CNRG","1850",0.0126654878767623
"Pellorneum ruficeps","LWSL","1850",0.0128216055222682
"Pellorneum ruficeps","NDVT","1850",0.0343470483843736
"Pellorneum ruficeps","CNRG","2021",0.0119840955202719
"Pellorneum ruficeps","KDND","2021",0.0284670993765871
"Pellorneum ruficeps","KJPN","2021",0.0204557235765135
"Pellorneum ruficeps","KKTG","2021",0.0486472392748408
"Pellorneum ruficeps","KLHT","2021",0.0161518554569179
"Pellorneum ruficeps","KMFD","2021",0.00996896506228603
"Pellorneum ruficeps","KNSL","2021",0.0325974513973917
"Pellorneum ruficeps","RNMD","2021",0.0183331999235422
"Pellorneum ruficeps","SMPK","2021",0.0199634858250973
"Pellorneum ruficeps","WLTN","2021",0.0223665423151423
"Pellorneum ruficeps","AVLC","2021",0.0103895731191801
"Pellorneum ruficeps","BVLR","2021",0.0216901852175071
"Pellorneum ruficeps","FHEK","2021",0.0186131461691272
"Pellorneum ruficeps","GDLR","2021",0.0348538847217487
"Pellorneum ruficeps","HTHP","2021",0.0198425447023203
"Pellorneum ruficeps","KUKL","2021",0.0415842364082681
"Pellorneum ruficeps","KULR","2021",0.0265550778698197
"Pellorneum ruficeps","NDVT","2021",0.0156161007057072
"Pellorneum ruficeps","TMTE","2021",0.0404752583454646
"Perdicula asiatica","CNRG","1850",0.0127276048017252
"Perdicula erythrorhyncha","CNRG","1850",0.0277711163811435
"Perdicula erythrorhyncha","LWSL","1850",0.0577661735002683
"Perdicula erythrorhyncha","OTCM","1850",0.0724198212194359
"Perdicula erythrorhyncha","KLHT","1850",1
"Perdicula erythrorhyncha","KDND","2021",0.0186875064898365
"Perdicula erythrorhyncha","KMFD","2021",0.00996139690686588
"Perdicula erythrorhyncha","BVLR","2021",0.0163032630878034
"Pericrocotus flammeus","CNRG","1850",0.0226915663265654
"Pericrocotus flammeus","LWSL","1850",0.0575647891110444
"Pericrocotus flammeus","OTCM","1850",0.0062304086512807
"Pericrocotus flammeus","NDVT","1850",0.0347662923663551
"Pericrocotus flammeus","BVLR","1850",0.172662927991996
"Pericrocotus flammeus","KJPN","2021",0.0606702004844613
"Pericrocotus flammeus","RNMD","2021",0.0111109291719894
"Pericrocotus flammeus","SMPK","2021",0.0205201845670073
"Pericrocotus flammeus","BVLR","2021",0.0216332903813204
"Pericrocotus flammeus","KULR","2021",0.0265948958709398
"Phaenicophaeus viridirostris","CNRG","1850",0.0151929694502534
"Phaenicophaeus viridirostris","KULR","1850",0.0624551927041892
"Phaenicophaeus viridirostris","KULR","2021",0.0132433464756729
"Phylloscopus affinis","CNRG","1850",0.0100583723223013
"Phylloscopus affinis","OTCM","1850",0.024893431451581
"Phylloscopus affinis","NDVT","1850",0.0345788050202898
"Phylloscopus affinis","BGOT","2021",0.0258934106461813
"Phylloscopus affinis","GVSL","2021",0.0478478729781985
"Phylloscopus affinis","KKTG","2021",0.024260465925001
"Phylloscopus affinis","OTCM","2021",0.00781718803597325
"Phylloscopus affinis","RNMD","2021",0.00741273011174979
"Phylloscopus affinis","KUKL","2021",0.0166975536294311
"Picus xanthopygaeus","LWSL","1850",0.0320687909237787
"Picus xanthopygaeus","KULR","1850",0.0829765313415407
"Picus xanthopygaeus","CNRG","2021",0.00798546052401401
"Picus xanthopygaeus","KKTG","2021",0.0241967018858922
"Picus xanthopygaeus","WLTN","2021",0.00749021424088222
"Picus xanthopygaeus","BVLR","2021",0.0108671105508556
"Pomatorhinus horsfieldii","CNRG","1850",0.0302531436223084
"Pomatorhinus horsfieldii","LWSL","1850",0.0129410321999944
"Pomatorhinus horsfieldii","OTCM","1850",0.0434039449058126
"Pomatorhinus horsfieldii","GDLR","1850",0.0855057999235793
"Pomatorhinus horsfieldii","NDVT","1850",0.051984923722829
"Pomatorhinus horsfieldii","CNRG","2021",0.0564837830149483
"Pomatorhinus horsfieldii","GVSL","2021",0.0189835190674776
"Pomatorhinus horsfieldii","KDND","2021",0.0281105209710246
"Pomatorhinus horsfieldii","KJPN","2021",0.0310058891251155
"Pomatorhinus horsfieldii","KKTG","2021",0.0358102585074292
"Pomatorhinus horsfieldii","KLHT","2021",0.0241381752680724
"Pomatorhinus horsfieldii","KMFD","2021",0.0447593983010396
"Pomatorhinus horsfieldii","KNSL","2021",0.0244174760210438
"Pomatorhinus horsfieldii","OTCM","2021",0.0314871119140857
"Pomatorhinus horsfieldii","RNMD","2021",0.0520359522768006
"Pomatorhinus horsfieldii","SMPK","2021",0.0504019710132202
"Pomatorhinus horsfieldii","WLTN","2021",0.0335756353926286
"Pomatorhinus horsfieldii","AVLC","2021",0.0362002526776727
"Pomatorhinus horsfieldii","FHEK","2021",0.0369762198437217
"Pomatorhinus horsfieldii","GDLR","2021",0.0470649898301469
"Pomatorhinus horsfieldii","HTHP","2021",0.0497032338922567
"Pomatorhinus horsfieldii","KUKL","2021",0.0418337479733464
"Pomatorhinus horsfieldii","KULR","2021",0.019934553207466
"Pomatorhinus horsfieldii","LVDL","2021",0.0332837412118112
"Pomatorhinus horsfieldii","NDVT","2021",0.0467991155282715
"Pomatorhinus horsfieldii","TMTE","2021",0.071524065451611
"Pomatorhinus horsfieldii","TSTE","2021",0.0466823372322106
"Pomatorhinus horsfieldii","LWSL","2021",0.0336412690399244
"Pomatorhinus horsfieldii","WTCM","2021",0.0346927151857135
"Pomatorhinus horsfieldii","DDBT","2021",0.0389409724177941
"Pomatorhinus horsfieldii","EMVL","2021",0.0291903028467575
"Prinia socialis","CNRG","1850",0.0125861833949885
"Prinia socialis","LWSL","1850",0.0128076365397142
"Prinia socialis","OTCM","1850",0.00418695403764178
"Prinia socialis","KULR","1850",0.0415203769596103
"Prinia socialis","CNRG","2021",0.0320488529163329
"Prinia socialis","GVSL","2021",0.0192902014243916
"Prinia socialis","KDND","2021",0.0467197365532411
"Prinia socialis","KLHT","2021",0.0240513961338072
"Prinia socialis","KMFD","2021",0.0501560917917415
"Prinia socialis","KNSL","2021",0.0491293089632827
"Prinia socialis","OTCM","2021",0.0197078444046569
"Prinia socialis","RNMD","2021",0.0148463922029613
"Prinia socialis","WLTN","2021",0.0260446954586983
"Prinia socialis","FHEK","2021",0.0556561146199053
"Prinia socialis","KUKL","2021",0.0332598436839056
"Prinia socialis","NDVT","2021",0.015487730649565
"Psilopogon malabaricus","GDLR","1850",0.143205794827943
"Psilopogon malabaricus","KJPN","2021",0.0207320638227384
"Psilopogon malabaricus","RNMD","2021",0.00732027052143896
"Psilopogon malabaricus","GDLR","2021",0.0346365374789635
"Psilopogon malabaricus","HTHP","2021",0.0197603500961363
"Psilopogon malabaricus","KULR","2021",0.0331103508753303
"Psilopogon malabaricus","LVDL","2021",0.0133546283728602
"Psilopogon viridis","CNRG","1850",0.0150756897536994
"Psilopogon viridis","LWSL","1850",0.0191943773848237
"Psilopogon viridis","OTCM","1850",0.0226960252759747
"Psilopogon viridis","GDLR","1850",0.0849764961353335
"Psilopogon viridis","KULR","1850",0.0418741564130616
"Psilopogon viridis","BGOT","2021",0.0642880108578002
"Psilopogon viridis","CNRG","2021",0.0361100194984074
"Psilopogon viridis","GVSL","2021",0.0193179214496388
"Psilopogon viridis","KJPN","2021",0.0509601218802355
"Psilopogon viridis","KKTG","2021",0.0358299490986882
"Psilopogon viridis","KLHT","2021",0.0399499737395774
"Psilopogon viridis","KMFD","2021",0.0549910086362948
"Psilopogon viridis","KNSL","2021",0.0575376328353375
"Psilopogon viridis","OTCM","2021",0.023563824237632
"Psilopogon viridis","RNMD","2021",0.0331503995784492
"Psilopogon viridis","SMPK","2021",0.070325818436175
"Psilopogon viridis","WLTN","2021",0.0595811284562144
"Psilopogon viridis","AVLC","2021",0.0412849084980577
"Psilopogon viridis","BVLR","2021",0.0382944116998003
"Psilopogon viridis","FHEK","2021",0.0373033857448227
"Psilopogon viridis","GDLR","2021",0.0579791522080533
"Psilopogon viridis","HTHP","2021",0.0590104848399818
"Psilopogon viridis","KUKL","2021",0.0419712811719535
"Psilopogon viridis","KULR","2021",0.0461222652157277
"Psilopogon viridis","LVDL","2021",0.0671268122792291
"Psilopogon viridis","NDVT","2021",0.0468045371976749
"Psilopogon viridis","TMTE","2021",0.0305930542501765
"Psilopogon viridis","TSTE","2021",0.0749536855277198
"Psilopogon viridis","LWSL","2021",0.0671866826134003
"Psilopogon viridis","WTCM","2021",0.0345527517445741
"Psilopogon viridis","DDBT","2021",0.0485378927124771
"Psilopogon viridis","EMVL","2021",0.0580146299655014
"Psittacula columboides","CNRG","1850",0.015025513756113
"Psittacula columboides","OTCM","1850",0.00617009691987453
"Psittacula columboides","BVLR","1850",0.138164787383531
"Psittacula columboides","KJPN","2021",0.0203575344701541
"Psittacula columboides","WLTN","2021",0.00742815870972396
"Psittacula columboides","BVLR","2021",0.0215767352996423
"Psittacula columboides","FHEK","2021",0.036985499923601
"Psittacula columboides","KULR","2021",0.0795502997843975
"Pycnonotus cafer","CNRG","1850",0.0126311478098272
"Pycnonotus cafer","OTCM","1850",0.00418199953812052
"Pycnonotus cafer","CNRG","2021",0.00800749607725922
"Pycnonotus cafer","KDND","2021",0.0748603932833518
"Pycnonotus cafer","KLHT","2021",0.0479118468247875
"Pycnonotus cafer","KMFD","2021",0.024967878028312
"Pycnonotus cafer","RNMD","2021",0.00736903355711652
"Pycnonotus cafer","SMPK","2021",0.0201877380428777
"Pycnonotus cafer","WLTN","2021",0.0112382650716104
"Pycnonotus cafer","AVLC","2021",0.0104172487880039
"Pycnonotus cafer","BVLR","2021",0.0108643779275435
"Pycnonotus cafer","FHEK","2021",0.0277769401081253
"Pycnonotus cafer","GDLR","2021",0.0343881176353003
"Pycnonotus cafer","KULR","2021",0.0728197750095706
"Pycnonotus jocosus","CNRG","1850",0.020111482363031
"Pycnonotus jocosus","LWSL","1850",0.0193269557684188
"Pycnonotus jocosus","OTCM","1850",0.0269178903377265
"Pycnonotus jocosus","NDVT","1850",0.0522494232126908
"Pycnonotus jocosus","BGOT","2021",0.115168252230906
"Pycnonotus jocosus","CNRG","2021",0.152165113200126
"Pycnonotus jocosus","GVSL","2021",0.134560607629842
"Pycnonotus jocosus","KDND","2021",0.121023768241898
"Pycnonotus jocosus","KJPN","2021",0.0811747194155522
"Pycnonotus jocosus","KKTG","2021",0.0968926850829188
"Pycnonotus jocosus","KLHT","2021",0.0723750557600838
"Pycnonotus jocosus","KMFD","2021",0.180086774035846
"Pycnonotus jocosus","KNSL","2021",0.172271928200607
"Pycnonotus jocosus","OTCM","2021",0.121852512606441
"Pycnonotus jocosus","RNMD","2021",0.170302300971994
"Pycnonotus jocosus","SMPK","2021",0.161799874589572
"Pycnonotus jocosus","WLTN","2021",0.138255017741671
"Pycnonotus jocosus","AVLC","2021",0.0621938681818668
"Pycnonotus jocosus","BVLR","2021",0.0761552073312999
"Pycnonotus jocosus","FHEK","2021",0.129664660975747
"Pycnonotus jocosus","GDLR","2021",0.0693310537022002
"Pycnonotus jocosus","HTHP","2021",0.0497816203834495
"Pycnonotus jocosus","KUKL","2021",0.100205212124865
"Pycnonotus jocosus","KULR","2021",0.0796173225478656
"Pycnonotus jocosus","LVDL","2021",0.147394188172462
"Pycnonotus jocosus","NDVT","2021",0.0856515443949537
"Pycnonotus jocosus","TMTE","2021",0.183495316291474
"Pycnonotus jocosus","LWSL","2021",0.0419295573476151
"Pycnonotus jocosus","WTCM","2021",0.0918017799312829
"Pycnonotus jocosus","DDBT","2021",0.116461295242923
"Pycnonotus jocosus","EMVL","2021",0.129929202074232
"Saxicola caprata","CNRG","1850",0.0252003980986892
"Saxicola caprata","LWSL","1850",0.0128403134967673
"Saxicola caprata","OTCM","1850",0.0331914418663458
"Saxicola caprata","CNRG","2021",0.0119118998346267
"Saxicola caprata","GVSL","2021",0.0191072104888098
"Saxicola caprata","KDND","2021",0.0563325393823408
"Saxicola caprata","KKTG","2021",0.0357704817782547
"Saxicola caprata","KLHT","2021",0.0398451442223997
"Saxicola caprata","KMFD","2021",0.0101271794037327
"Saxicola caprata","KNSL","2021",0.0572782937676223
"Saxicola caprata","OTCM","2021",0.0195362241206599
"Saxicola caprata","RNMD","2021",0.00741583744477002
"Saxicola caprata","WLTN","2021",0.00750479118375948
"Saxicola caprata","FHEK","2021",0.0373959525732365
"Saxicola caprata","LVDL","2021",0.0133165973840916
"Saxicola caprata","WTCM","2021",0.0232260908002448
"Sholicola major","CNRG","1850",0.0151160867025482
"Sholicola major","OTCM","1850",0.0123587775175314
"Sholicola major","NDVT","1850",0.0686990293380291
"Sholicola major","BGOT","2021",0.0381004600477809
"Sholicola major","OTCM","2021",0.00784880433298912
"Sholicola major","RNMD","2021",0.0146834383905839
"Sholicola major","SMPK","2021",0.0202663599250711
"Sholicola major","WLTN","2021",0.00744499795737795
"Sholicola major","AVLC","2021",0.0310376048344008
"Sholicola major","BVLR","2021",0.0165248759739959
"Sholicola major","HTHP","2021",0.0197879065531292
"Sholicola major","KUKL","2021",0.0168957774170767
"Sholicola major","LVDL","2021",0.0201875886911423
"Sholicola major","TSTE","2021",0.0372605802237724
"Sholicola major","LWSL","2021",0.0335809927668768
"Sholicola major","WTCM","2021",0.0231227135725855
"Sholicola major","DDBT","2021",0.0388329944954049
"Sholicola major","EMVL","2021",0.0431701356346497
"Sitta frontalis","CNRG","1850",0.0101650313286724
"Sitta frontalis","LWSL","1850",0.0256240305168459
"Sitta frontalis","OTCM","1850",0.0248180058149126
"Sitta frontalis","BGOT","2021",0.0259610452077368
"Sitta frontalis","CNRG","2021",0.0201944128428794
"Sitta frontalis","GVSL","2021",0.0384981472136235
"Sitta frontalis","KMFD","2021",0.0249682103030327
"Sitta frontalis","OTCM","2021",0.031480220010295
"Sitta frontalis","RNMD","2021",0.0333704183868317
"Sitta frontalis","SMPK","2021",0.0304407510694754
"Sitta frontalis","WLTN","2021",0.0298544586636019
"Sitta frontalis","AVLC","2021",0.077575378759951
"Sitta frontalis","BVLR","2021",0.0379171119186404
"Sitta frontalis","FHEK","2021",0.0277633087269146
"Sitta frontalis","GDLR","2021",0.0464780078696824
"Sitta frontalis","HTHP","2021",0.0593448811476643
"Sitta frontalis","KUKL","2021",0.0164307154407238
"Sitta frontalis","KULR","2021",0.0199918198528651
"Sitta frontalis","LVDL","2021",0.0336360726082875
"Sitta frontalis","NDVT","2021",0.0314560828506632
"Sitta frontalis","TMTE","2021",0.0512737932247589
"Sitta frontalis","TSTE","2021",0.0371418055999582
"Sitta frontalis","LWSL","2021",0.0506965963629216
"Sitta frontalis","EMVL","2021",0.0575826078927913
"Streptopelia chinensis","CNRG","1850",0.012507880019571
"Streptopelia chinensis","BGOT","2021",0.0255145042661324
"Streptopelia chinensis","CNRG","2021",0.0521742526740256
"Streptopelia chinensis","GVSL","2021",0.0286276421180288
"Streptopelia chinensis","KDND","2021",0.0559944996593995
"Streptopelia chinensis","KJPN","2021",0.0304460148748063
"Streptopelia chinensis","KKTG","2021",0.0480247987626907
"Streptopelia chinensis","KMFD","2021",0.0500699217925439
"Streptopelia chinensis","KNSL","2021",0.0325899985840816
"Streptopelia chinensis","OTCM","2021",0.0236299005055536
"Streptopelia chinensis","RNMD","2021",0.0369809979176967
"Streptopelia chinensis","SMPK","2021",0.0404730128868004
"Streptopelia chinensis","WLTN","2021",0.0484365295545871
"Streptopelia chinensis","BVLR","2021",0.0108837328807755
"Streptopelia chinensis","FHEK","2021",0.0275738940700559
"Streptopelia chinensis","GDLR","2021",0.0231850697693582
"Streptopelia chinensis","KUKL","2021",0.0248691975692307
"Streptopelia chinensis","LVDL","2021",0.0334770309712321
"Streptopelia chinensis","NDVT","2021",0.0233184895154815
"Streptopelia chinensis","TMTE","2021",0.0304323994770585
"Turdus simillimus","CNRG","1850",0.0175958021784402
"Turdus simillimus","LWSL","1850",0.0127486435263903
"Turdus simillimus","OTCM","1850",0.0683551215600161
"Turdus simillimus","BGOT","2021",0.0379572687690259
"Turdus simillimus","CNRG","2021",0.0320948155007601
"Turdus simillimus","GVSL","2021",0.0291850498402874
"Turdus simillimus","KJPN","2021",0.0308549784977683
"Turdus simillimus","KKTG","2021",0.0239865842760157
"Turdus simillimus","KLHT","2021",0.016133225250168
"Turdus simillimus","KMFD","2021",0.0398692706752988
"Turdus simillimus","KNSL","2021",0.0410848090530785
"Turdus simillimus","OTCM","2021",0.0432427375499505
"Turdus simillimus","RNMD","2021",0.0223442231010111
"Turdus simillimus","SMPK","2021",0.0202431247037935
"Turdus simillimus","WLTN","2021",0.0224975297107435
"Turdus simillimus","AVLC","2021",0.0260423133622432
"Turdus simillimus","BVLR","2021",0.0217175751265496
"Turdus simillimus","FHEK","2021",0.0368787520753389
"Turdus simillimus","GDLR","2021",0.0347933067315479
"Turdus simillimus","HTHP","2021",0.0297844974987064
"Turdus simillimus","KUKL","2021",0.0332610129207708
"Turdus simillimus","LVDL","2021",0.0467168875009783
"Turdus simillimus","NDVT","2021",0.0313025965503754
"Turdus simillimus","TSTE","2021",0.0188095979834126
"Turdus simillimus","LWSL","2021",0.0504894866882808
"Turdus simillimus","WTCM","2021",0.0693759570621907
"Turdus simillimus","DDBT","2021",0.0681231753420255
"Turdus simillimus","EMVL","2021",0.0732255070235376
"Upupa epops","CNRG","1850",0.0100621867347469
"Upupa epops","OTCM","1850",0.0104313264602623
"Upupa epops","CNRG","2021",0.00807033786246469
"Upupa epops","GVSL","2021",0.0287621922897899
"Upupa epops","KDND","2021",0.0374462806410715
"Upupa epops","KKTG","2021",0.0238925148603697
"Upupa epops","KMFD","2021",0.0101346818992247
"Upupa epops","RNMD","2021",0.00740044922858256
"Upupa epops","WLTN","2021",0.00746026450162371
"Upupa epops","KUKL","2021",0.0166914039664982
"Upupa epops","LVDL","2021",0.0133042748943547
"Zoothera neilgherriensis","CNRG","1850",0.00760861783304794
"Zoothera neilgherriensis","LWSL","1850",0.0129736534716443
"Zoothera neilgherriensis","OTCM","1850",0.0123788570607199
"Zoothera neilgherriensis","LVDL","2021",0.013647293261948
"Zoothera neilgherriensis","TSTE","2021",0.0185507577096996
"Zoothera neilgherriensis","LWSL","2021",0.0167418096805755
"Zoothera neilgherriensis","EMVL","2021",0.0292087357277753
"Zosterops palpebrosus","CNRG","1850",0.0200447442661581
"Zosterops palpebrosus","OTCM","1850",0.0269296162616629
"Zosterops palpebrosus","NDVT","1850",0.0683023987015435
"Zosterops palpebrosus","BGOT","2021",0.0765321909363288
"Zosterops palpebrosus","CNRG","2021",0.0884243731253842
"Zosterops palpebrosus","GVSL","2021",0.0577722252039198
"Zosterops palpebrosus","KDND","2021",0.0279865256824583
"Zosterops palpebrosus","KJPN","2021",0.0708432471916492
"Zosterops palpebrosus","KKTG","2021",0.0963417682842062
"Zosterops palpebrosus","KLHT","2021",0.0638447415691625
"Zosterops palpebrosus","KMFD","2021",0.0649160893540371
"Zosterops palpebrosus","KNSL","2021",0.0735551295296561
"Zosterops palpebrosus","OTCM","2021",0.126092285034152
"Zosterops palpebrosus","RNMD","2021",0.0704205710704219
"Zosterops palpebrosus","SMPK","2021",0.0508290191473769
"Zosterops palpebrosus","WLTN","2021",0.0707982638242181
"Zosterops palpebrosus","AVLC","2021",0.103503132646858
"Zosterops palpebrosus","BVLR","2021",0.0432292318117529
"Zosterops palpebrosus","FHEK","2021",0.0460524968110931
"Zosterops palpebrosus","GDLR","2021",0.0817747166078642
"Zosterops palpebrosus","HTHP","2021",0.0893222545018835
"Zosterops palpebrosus","KUKL","2021",0.0837356262324279
"Zosterops palpebrosus","KULR","2021",0.0462124886833265
"Zosterops palpebrosus","LVDL","2021",0.094306911305504
"Zosterops palpebrosus","NDVT","2021",0.133208061464141
"Zosterops palpebrosus","TMTE","2021",0.0812726787581
"Zosterops palpebrosus","TSTE","2021",0.120934403521206
"Zosterops palpebrosus","LWSL","2021",0.0671029500877008
"Zosterops palpebrosus","WTCM","2021",0.126192999845697
"Zosterops palpebrosus","DDBT","2021",0.164572253057516
"Zosterops palpebrosus","EMVL","2021",0.116183450104791
